ID_Transaccion,Fecha,Dia_Semana,Producto,Categoria,Canal_Venta,Cantidad,Precio_Unitario,Ventas_Soles,Costo_Soles,Utilidad_Soles
TX-1001,2026-08-01,Saturday,Inca Kola 1.5L,Bebidas,Tienda Física,5,7.5,37.5,24.0,13.5
TX-1002,2026-08-01,Saturday,Pollo Entero kg,Carnes/Frescos,WhatsApp,5,9.8,49.0,34.5,14.5
TX-1003,2026-08-01,Saturday,Aceite Primor 1L,Abarrotes,Tienda Física,3,11.5,34.5,25.5,9.0
TX-1004,2026-08-01,Saturday,Leche Gloria 400g,Lácteos,WhatsApp,5,4.2,21.0,15.5,5.5
TX-1005,2026-08-01,Saturday,Pollo Entero kg,Carnes/Frescos,Tienda Física,3,9.8,29.4,20.7,8.7
TX-1006,2026-08-01,Saturday,Aceite Primor 1L,Abarrotes,Delivery / App,4,11.5,46.0,34.0,12.0
TX-1007,2026-08-01,Saturday,Aceite Primor 1L,Abarrotes,Tienda Física,4,11.5,46.0,34.0,12.0
TX-1008,2026-08-01,Saturday,Inca Kola 1.5L,Bebidas,Tienda Física,2,7.5,15.0,9.6,5.4
TX-1009,2026-08-01,Saturday,Inca Kola 1.5L,Bebidas,Tienda Física,1,7.5,7.5,4.8,2.7
TX-1010,2026-08-01,Saturday,Leche Gloria 400g,Lácteos,Tienda Física,2,4.2,8.4,6.2,2.2
TX-1011,2026-08-01,Saturday,Inca Kola 1.5L,Bebidas,Tienda Física,3,7.5,22.5,14.4,8.1
TX-1012,2026-08-01,Saturday,Inca Kola 1.5L,Bebidas,Tienda Física,1,7.5,7.5,4.8,2.7
TX-1013,2026-08-01,Saturday,Leche Gloria 400g,Lácteos,Tienda Física,5,4.2,21.0,15.5,5.5
TX-1014,2026-08-01,Saturday,Aceite Primor 1L,Abarrotes,Delivery / App,4,11.5,46.0,34.0,12.0
TX-1015,2026-08-01,Saturday,Detergente Opal 1kg,Limpieza,Tienda Física,2,12.0,24.0,16.4,7.6
TX-1016,2026-08-01,Saturday,Aceite Primor 1L,Abarrotes,Tienda Física,5,11.5,57.5,42.5,15.0
TX-1017,2026-08-01,Saturday,Inca Kola 1.5L,Bebidas,Tienda Física,4,7.5,30.0,19.2,10.8
TX-1018,2026-08-01,Saturday,Cerveza Cusqueña 6pack,Bebidas,Delivery / App,3,34.0,102.0,72.0,30.0
TX-1019,2026-08-01,Saturday,Inca Kola 1.5L,Bebidas,WhatsApp,2,7.5,15.0,9.6,5.4
TX-1020,2026-08-01,Saturday,Aceite Primor 1L,Abarrotes,WhatsApp,2,11.5,23.0,17.0,6.0
TX-1021,2026-08-01,Saturday,Cerveza Cusqueña 6pack,Bebidas,Yape / Plin,2,34.0,68.0,48.0,20.0
TX-1022,2026-08-01,Saturday,Aceite Primor 1L,Abarrotes,Yape / Plin,2,11.5,23.0,17.0,6.0
TX-1023,2026-08-01,Saturday,Detergente Opal 1kg,Limpieza,Tienda Física,4,12.0,48.0,32.8,15.2
TX-1024,2026-08-01,Saturday,Pollo Entero kg,Carnes/Frescos,Tienda Física,5,9.8,49.0,34.5,14.5
TX-1025,2026-08-01,Saturday,Aceite Primor 1L,Abarrotes,WhatsApp,5,11.5,57.5,42.5,15.0
TX-1026,2026-08-01,Saturday,Arroz Costeño 5kg,Abarrotes,WhatsApp,4,24.5,98.0,72.0,26.0
TX-1027,2026-08-01,Saturday,Cerveza Cusqueña 6pack,Bebidas,Tienda Física,1,34.0,34.0,24.0,10.0
TX-1028,2026-08-01,Saturday,Cerveza Cusqueña 6pack,Bebidas,Tienda Física,1,34.0,34.0,24.0,10.0
TX-1029,2026-08-02,Sunday,Pollo Entero kg,Carnes/Frescos,Tienda Física,1,9.8,9.8,6.9,2.9
TX-1030,2026-08-02,Sunday,Pollo Entero kg,Carnes/Frescos,Tienda Física,3,9.8,29.4,20.7,8.7
TX-1031,2026-08-02,Sunday,Pollo Entero kg,Carnes/Frescos,Yape / Plin,3,9.8,29.4,20.7,8.7
TX-1032,2026-08-02,Sunday,Leche Gloria 400g,Lácteos,Delivery / App,5,4.2,21.0,15.5,5.5
TX-1033,2026-08-02,Sunday,Aceite Primor 1L,Abarrotes,Delivery / App,1,11.5,11.5,8.5,3.0
TX-1034,2026-08-02,Sunday,Arroz Costeño 5kg,Abarrotes,Tienda Física,4,24.5,98.0,72.0,26.0
TX-1035,2026-08-02,Sunday,Pollo Entero kg,Carnes/Frescos,WhatsApp,5,9.8,49.0,34.5,14.5
TX-1036,2026-08-02,Sunday,Pollo Entero kg,Carnes/Frescos,WhatsApp,3,9.8,29.4,20.7,8.7
TX-1037,2026-08-02,Sunday,Leche Gloria 400g,Lácteos,Delivery / App,5,4.2,21.0,15.5,5.5
TX-1038,2026-08-02,Sunday,Leche Gloria 400g,Lácteos,WhatsApp,1,4.2,4.2,3.1,1.1
TX-1039,2026-08-02,Sunday,Galletas Soda Field,Snacks,Tienda Física,3,2.5,7.5,4.2,3.3
TX-1040,2026-08-02,Sunday,Galletas Soda Field,Snacks,Tienda Física,2,2.5,5.0,2.8,2.2
TX-1041,2026-08-02,Sunday,Cerveza Cusqueña 6pack,Bebidas,Tienda Física,3,34.0,102.0,72.0,30.0
TX-1042,2026-08-02,Sunday,Galletas Soda Field,Snacks,Tienda Física,1,2.5,2.5,1.4,1.1
TX-1043,2026-08-02,Sunday,Pollo Entero kg,Carnes/Frescos,Delivery / App,4,9.8,39.2,27.6,11.6
TX-1044,2026-08-02,Sunday,Galletas Soda Field,Snacks,Tienda Física,5,2.5,12.5,7.0,5.5
TX-1045,2026-08-02,Sunday,Cerveza Cusqueña 6pack,Bebidas,Delivery / App,4,34.0,136.0,96.0,40.0
TX-1046,2026-08-02,Sunday,Galletas Soda Field,Snacks,WhatsApp,3,2.5,7.5,4.2,3.3
TX-1047,2026-08-02,Sunday,Inca Kola 1.5L,Bebidas,WhatsApp,2,7.5,15.0,9.6,5.4
TX-1048,2026-08-02,Sunday,Detergente Opal 1kg,Limpieza,Tienda Física,1,12.0,12.0,8.2,3.8
TX-1049,2026-08-02,Sunday,Inca Kola 1.5L,Bebidas,Tienda Física,4,7.5,30.0,19.2,10.8
TX-1050,2026-08-02,Sunday,Inca Kola 1.5L,Bebidas,Tienda Física,3,7.5,22.5,14.4,8.1
TX-1051,2026-08-02,Sunday,Galletas Soda Field,Snacks,Tienda Física,4,2.5,10.0,5.6,4.4
TX-1052,2026-08-02,Sunday,Detergente Opal 1kg,Limpieza,Tienda Física,1,12.0,12.0,8.2,3.8
TX-1053,2026-08-02,Sunday,Leche Gloria 400g,Lácteos,Yape / Plin,1,4.2,4.2,3.1,1.1
TX-1054,2026-08-02,Sunday,Arroz Costeño 5kg,Abarrotes,Tienda Física,3,24.5,73.5,54.0,19.5
TX-1055,2026-08-02,Sunday,Pollo Entero kg,Carnes/Frescos,Tienda Física,3,9.8,29.4,20.7,8.7
TX-1056,2026-08-02,Sunday,Cerveza Cusqueña 6pack,Bebidas,Tienda Física,1,34.0,34.0,24.0,10.0
TX-1057,2026-08-02,Sunday,Inca Kola 1.5L,Bebidas,Tienda Física,3,7.5,22.5,14.4,8.1
TX-1058,2026-08-02,Sunday,Pollo Entero kg,Carnes/Frescos,Tienda Física,1,9.8,9.8,6.9,2.9
TX-1059,2026-08-03,Monday,Aceite Primor 1L,Abarrotes,Tienda Física,4,11.5,46.0,34.0,12.0
TX-1060,2026-08-03,Monday,Galletas Soda Field,Snacks,WhatsApp,2,2.5,5.0,2.8,2.2
TX-1061,2026-08-03,Monday,Cerveza Cusqueña 6pack,Bebidas,Delivery / App,1,34.0,34.0,24.0,10.0
TX-1062,2026-08-03,Monday,Leche Gloria 400g,Lácteos,Delivery / App,1,4.2,4.2,3.1,1.1
TX-1063,2026-08-03,Monday,Inca Kola 1.5L,Bebidas,Tienda Física,5,7.5,37.5,24.0,13.5
TX-1064,2026-08-03,Monday,Arroz Costeño 5kg,Abarrotes,WhatsApp,3,24.5,73.5,54.0,19.5
TX-1065,2026-08-03,Monday,Cerveza Cusqueña 6pack,Bebidas,Tienda Física,4,34.0,136.0,96.0,40.0
TX-1066,2026-08-03,Monday,Detergente Opal 1kg,Limpieza,Tienda Física,4,12.0,48.0,32.8,15.2
TX-1067,2026-08-03,Monday,Pollo Entero kg,Carnes/Frescos,Tienda Física,3,9.8,29.4,20.7,8.7
TX-1068,2026-08-03,Monday,Detergente Opal 1kg,Limpieza,WhatsApp,5,12.0,60.0,41.0,19.0
TX-1069,2026-08-03,Monday,Detergente Opal 1kg,Limpieza,Yape / Plin,3,12.0,36.0,24.6,11.4
TX-1070,2026-08-03,Monday,Pollo Entero kg,Carnes/Frescos,Tienda Física,1,9.8,9.8,6.9,2.9
TX-1071,2026-08-04,Tuesday,Detergente Opal 1kg,Limpieza,Yape / Plin,5,12.0,60.0,41.0,19.0
TX-1072,2026-08-04,Tuesday,Inca Kola 1.5L,Bebidas,Tienda Física,3,7.5,22.5,14.4,8.1
TX-1073,2026-08-04,Tuesday,Aceite Primor 1L,Abarrotes,Yape / Plin,3,11.5,34.5,25.5,9.0
TX-1074,2026-08-04,Tuesday,Inca Kola 1.5L,Bebidas,Delivery / App,4,7.5,30.0,19.2,10.8
TX-1075,2026-08-04,Tuesday,Pollo Entero kg,Carnes/Frescos,Yape / Plin,2,9.8,19.6,13.8,5.8
TX-1076,2026-08-04,Tuesday,Leche Gloria 400g,Lácteos,WhatsApp,4,4.2,16.8,12.4,4.4
TX-1077,2026-08-04,Tuesday,Aceite Primor 1L,Abarrotes,Tienda Física,2,11.5,23.0,17.0,6.0
TX-1078,2026-08-04,Tuesday,Inca Kola 1.5L,Bebidas,Delivery / App,2,7.5,15.0,9.6,5.4
TX-1079,2026-08-04,Tuesday,Inca Kola 1.5L,Bebidas,Tienda Física,4,7.5,30.0,19.2,10.8
TX-1080,2026-08-04,Tuesday,Arroz Costeño 5kg,Abarrotes,WhatsApp,4,24.5,98.0,72.0,26.0
TX-1081,2026-08-04,Tuesday,Pollo Entero kg,Carnes/Frescos,Tienda Física,3,9.8,29.4,20.7,8.7
TX-1082,2026-08-04,Tuesday,Arroz Costeño 5kg,Abarrotes,WhatsApp,3,24.5,73.5,54.0,19.5
TX-1083,2026-08-04,Tuesday,Pollo Entero kg,Carnes/Frescos,Yape / Plin,3,9.8,29.4,20.7,8.7
TX-1084,2026-08-04,Tuesday,Detergente Opal 1kg,Limpieza,WhatsApp,1,12.0,12.0,8.2,3.8
TX-1085,2026-08-04,Tuesday,Leche Gloria 400g,Lácteos,Tienda Física,1,4.2,4.2,3.1,1.1
TX-1086,2026-08-04,Tuesday,Detergente Opal 1kg,Limpieza,WhatsApp,4,12.0,48.0,32.8,15.2
TX-1087,2026-08-04,Tuesday,Pollo Entero kg,Carnes/Frescos,WhatsApp,1,9.8,9.8,6.9,2.9
TX-1088,2026-08-04,Tuesday,Cerveza Cusqueña 6pack,Bebidas,Tienda Física,2,34.0,68.0,48.0,20.0
TX-1089,2026-08-04,Tuesday,Aceite Primor 1L,Abarrotes,WhatsApp,2,11.5,23.0,17.0,6.0
TX-1090,2026-08-04,Tuesday,Pollo Entero kg,Carnes/Frescos,Tienda Física,5,9.8,49.0,34.5,14.5
TX-1091,2026-08-04,Tuesday,Arroz Costeño 5kg,Abarrotes,Tienda Física,4,24.5,98.0,72.0,26.0
TX-1092,2026-08-04,Tuesday,Cerveza Cusqueña 6pack,Bebidas,Tienda Física,4,34.0,136.0,96.0,40.0
TX-1093,2026-08-05,Wednesday,Galletas Soda Field,Snacks,WhatsApp,3,2.5,7.5,4.2,3.3
TX-1094,2026-08-05,Wednesday,Arroz Costeño 5kg,Abarrotes,Tienda Física,4,24.5,98.0,72.0,26.0
TX-1095,2026-08-05,Wednesday,Detergente Opal 1kg,Limpieza,Tienda Física,5,12.0,60.0,41.0,19.0
TX-1096,2026-08-05,Wednesday,Pollo Entero kg,Carnes/Frescos,Tienda Física,3,9.8,29.4,20.7,8.7
TX-1097,2026-08-05,Wednesday,Cerveza Cusqueña 6pack,Bebidas,WhatsApp,1,34.0,34.0,24.0,10.0
TX-1098,2026-08-05,Wednesday,Pollo Entero kg,Carnes/Frescos,Tienda Física,1,9.8,9.8,6.9,2.9
TX-1099,2026-08-05,Wednesday,Cerveza Cusqueña 6pack,Bebidas,WhatsApp,3,34.0,102.0,72.0,30.0
TX-1100,2026-08-05,Wednesday,Pollo Entero kg,Carnes/Frescos,Tienda Física,1,9.8,9.8,6.9,2.9
TX-1101,2026-08-05,Wednesday,Inca Kola 1.5L,Bebidas,Tienda Física,4,7.5,30.0,19.2,10.8
TX-1102,2026-08-05,Wednesday,Detergente Opal 1kg,Limpieza,Yape / Plin,5,12.0,60.0,41.0,19.0
TX-1103,2026-08-05,Wednesday,Inca Kola 1.5L,Bebidas,Delivery / App,1,7.5,7.5,4.8,2.7
TX-1104,2026-08-05,Wednesday,Cerveza Cusqueña 6pack,Bebidas,WhatsApp,1,34.0,34.0,24.0,10.0
TX-1105,2026-08-05,Wednesday,Galletas Soda Field,Snacks,Delivery / App,3,2.5,7.5,4.2,3.3
TX-1106,2026-08-05,Wednesday,Inca Kola 1.5L,Bebidas,Tienda Física,5,7.5,37.5,24.0,13.5
TX-1107,2026-08-05,Wednesday,Galletas Soda Field,Snacks,Tienda Física,1,2.5,2.5,1.4,1.1
TX-1108,2026-08-05,Wednesday,Pollo Entero kg,Carnes/Frescos,WhatsApp,2,9.8,19.6,13.8,5.8
TX-1109,2026-08-05,Wednesday,Galletas Soda Field,Snacks,Delivery / App,2,2.5,5.0,2.8,2.2
TX-1110,2026-08-05,Wednesday,Detergente Opal 1kg,Limpieza,WhatsApp,2,12.0,24.0,16.4,7.6
TX-1111,2026-08-05,Wednesday,Detergente Opal 1kg,Limpieza,Tienda Física,2,12.0,24.0,16.4,7.6
TX-1112,2026-08-06,Thursday,Aceite Primor 1L,Abarrotes,WhatsApp,2,11.5,23.0,17.0,6.0
TX-1113,2026-08-06,Thursday,Arroz Costeño 5kg,Abarrotes,WhatsApp,1,24.5,24.5,18.0,6.5
TX-1114,2026-08-06,Thursday,Pollo Entero kg,Carnes/Frescos,Tienda Física,5,9.8,49.0,34.5,14.5
TX-1115,2026-08-06,Thursday,Aceite Primor 1L,Abarrotes,Tienda Física,3,11.5,34.5,25.5,9.0
TX-1116,2026-08-06,Thursday,Pollo Entero kg,Carnes/Frescos,Tienda Física,5,9.8,49.0,34.5,14.5
TX-1117,2026-08-06,Thursday,Galletas Soda Field,Snacks,WhatsApp,1,2.5,2.5,1.4,1.1
TX-1118,2026-08-06,Thursday,Inca Kola 1.5L,Bebidas,Tienda Física,1,7.5,7.5,4.8,2.7
TX-1119,2026-08-06,Thursday,Detergente Opal 1kg,Limpieza,Yape / Plin,4,12.0,48.0,32.8,15.2
TX-1120,2026-08-06,Thursday,Galletas Soda Field,Snacks,WhatsApp,4,2.5,10.0,5.6,4.4
TX-1121,2026-08-06,Thursday,Pollo Entero kg,Carnes/Frescos,Tienda Física,3,9.8,29.4,20.7,8.7
TX-1122,2026-08-06,Thursday,Galletas Soda Field,Snacks,Yape / Plin,5,2.5,12.5,7.0,5.5
TX-1123,2026-08-06,Thursday,Aceite Primor 1L,Abarrotes,Tienda Física,1,11.5,11.5,8.5,3.0
TX-1124,2026-08-06,Thursday,Detergente Opal 1kg,Limpieza,Tienda Física,3,12.0,36.0,24.6,11.4
TX-1125,2026-08-06,Thursday,Arroz Costeño 5kg,Abarrotes,Tienda Física,5,24.5,122.5,90.0,32.5
TX-1126,2026-08-06,Thursday,Inca Kola 1.5L,Bebidas,Tienda Física,5,7.5,37.5,24.0,13.5
TX-1127,2026-08-06,Thursday,Detergente Opal 1kg,Limpieza,Tienda Física,5,12.0,60.0,41.0,19.0
TX-1128,2026-08-06,Thursday,Detergente Opal 1kg,Limpieza,WhatsApp,3,12.0,36.0,24.6,11.4
TX-1129,2026-08-06,Thursday,Inca Kola 1.5L,Bebidas,Delivery / App,5,7.5,37.5,24.0,13.5
TX-1130,2026-08-06,Thursday,Aceite Primor 1L,Abarrotes,Yape / Plin,3,11.5,34.5,25.5,9.0
TX-1131,2026-08-06,Thursday,Galletas Soda Field,Snacks,Tienda Física,3,2.5,7.5,4.2,3.3
TX-1132,2026-08-06,Thursday,Galletas Soda Field,Snacks,Tienda Física,2,2.5,5.0,2.8,2.2
TX-1133,2026-08-07,Friday,Inca Kola 1.5L,Bebidas,Tienda Física,5,7.5,37.5,24.0,13.5
TX-1134,2026-08-07,Friday,Aceite Primor 1L,Abarrotes,Tienda Física,1,11.5,11.5,8.5,3.0
TX-1135,2026-08-07,Friday,Pollo Entero kg,Carnes/Frescos,WhatsApp,1,9.8,9.8,6.9,2.9
TX-1136,2026-08-07,Friday,Cerveza Cusqueña 6pack,Bebidas,Delivery / App,1,34.0,34.0,24.0,10.0
TX-1137,2026-08-07,Friday,Galletas Soda Field,Snacks,WhatsApp,5,2.5,12.5,7.0,5.5
TX-1138,2026-08-07,Friday,Galletas Soda Field,Snacks,Tienda Física,3,2.5,7.5,4.2,3.3
TX-1139,2026-08-07,Friday,Pollo Entero kg,Carnes/Frescos,Yape / Plin,3,9.8,29.4,20.7,8.7
TX-1140,2026-08-07,Friday,Arroz Costeño 5kg,Abarrotes,Tienda Física,5,24.5,122.5,90.0,32.5
TX-1141,2026-08-07,Friday,Cerveza Cusqueña 6pack,Bebidas,Tienda Física,1,34.0,34.0,24.0,10.0
TX-1142,2026-08-07,Friday,Detergente Opal 1kg,Limpieza,Tienda Física,4,12.0,48.0,32.8,15.2
TX-1143,2026-08-07,Friday,Pollo Entero kg,Carnes/Frescos,Yape / Plin,2,9.8,19.6,13.8,5.8
TX-1144,2026-08-07,Friday,Cerveza Cusqueña 6pack,Bebidas,Tienda Física,4,34.0,136.0,96.0,40.0
TX-1145,2026-08-07,Friday,Detergente Opal 1kg,Limpieza,Tienda Física,5,12.0,60.0,41.0,19.0
TX-1146,2026-08-07,Friday,Aceite Primor 1L,Abarrotes,Yape / Plin,5,11.5,57.5,42.5,15.0
TX-1147,2026-08-07,Friday,Inca Kola 1.5L,Bebidas,WhatsApp,2,7.5,15.0,9.6,5.4
TX-1148,2026-08-07,Friday,Aceite Primor 1L,Abarrotes,Tienda Física,1,11.5,11.5,8.5,3.0
TX-1149,2026-08-07,Friday,Cerveza Cusqueña 6pack,Bebidas,WhatsApp,4,34.0,136.0,96.0,40.0
TX-1150,2026-08-07,Friday,Pollo Entero kg,Carnes/Frescos,Tienda Física,2,9.8,19.6,13.8,5.8
TX-1151,2026-08-07,Friday,Pollo Entero kg,Carnes/Frescos,Yape / Plin,3,9.8,29.4,20.7,8.7
TX-1152,2026-08-07,Friday,Inca Kola 1.5L,Bebidas,WhatsApp,2,7.5,15.0,9.6,5.4
TX-1153,2026-08-07,Friday,Arroz Costeño 5kg,Abarrotes,Yape / Plin,1,24.5,24.5,18.0,6.5
TX-1154,2026-08-07,Friday,Leche Gloria 400g,Lácteos,WhatsApp,5,4.2,21.0,15.5,5.5
TX-1155,2026-08-07,Friday,Arroz Costeño 5kg,Abarrotes,WhatsApp,1,24.5,24.5,18.0,6.5
TX-1156,2026-08-07,Friday,Leche Gloria 400g,Lácteos,Tienda Física,4,4.2,16.8,12.4,4.4
TX-1157,2026-08-07,Friday,Inca Kola 1.5L,Bebidas,Tienda Física,2,7.5,15.0,9.6,5.4
TX-1158,2026-08-07,Friday,Aceite Primor 1L,Abarrotes,Tienda Física,3,11.5,34.5,25.5,9.0
TX-1159,2026-08-07,Friday,Aceite Primor 1L,Abarrotes,Yape / Plin,5,11.5,57.5,42.5,15.0
TX-1160,2026-08-07,Friday,Aceite Primor 1L,Abarrotes,Tienda Física,2,11.5,23.0,17.0,6.0
TX-1161,2026-08-07,Friday,Galletas Soda Field,Snacks,WhatsApp,4,2.5,10.0,5.6,4.4
TX-1162,2026-08-07,Friday,Aceite Primor 1L,Abarrotes,Delivery / App,5,11.5,57.5,42.5,15.0
TX-1163,2026-08-08,Saturday,Arroz Costeño 5kg,Abarrotes,Delivery / App,5,24.5,122.5,90.0,32.5
TX-1164,2026-08-08,Saturday,Inca Kola 1.5L,Bebidas,Tienda Física,2,7.5,15.0,9.6,5.4
TX-1165,2026-08-08,Saturday,Pollo Entero kg,Carnes/Frescos,Delivery / App,3,9.8,29.4,20.7,8.7
TX-1166,2026-08-08,Saturday,Pollo Entero kg,Carnes/Frescos,Tienda Física,4,9.8,39.2,27.6,11.6
TX-1167,2026-08-08,Saturday,Galletas Soda Field,Snacks,Tienda Física,5,2.5,12.5,7.0,5.5
TX-1168,2026-08-08,Saturday,Galletas Soda Field,Snacks,WhatsApp,5,2.5,12.5,7.0,5.5
TX-1169,2026-08-08,Saturday,Leche Gloria 400g,Lácteos,Tienda Física,1,4.2,4.2,3.1,1.1
TX-1170,2026-08-08,Saturday,Arroz Costeño 5kg,Abarrotes,Yape / Plin,4,24.5,98.0,72.0,26.0
TX-1171,2026-08-08,Saturday,Detergente Opal 1kg,Limpieza,Yape / Plin,5,12.0,60.0,41.0,19.0
TX-1172,2026-08-08,Saturday,Arroz Costeño 5kg,Abarrotes,Tienda Física,4,24.5,98.0,72.0,26.0
TX-1173,2026-08-08,Saturday,Arroz Costeño 5kg,Abarrotes,Tienda Física,3,24.5,73.5,54.0,19.5
TX-1174,2026-08-08,Saturday,Galletas Soda Field,Snacks,Delivery / App,4,2.5,10.0,5.6,4.4
TX-1175,2026-08-08,Saturday,Pollo Entero kg,Carnes/Frescos,WhatsApp,4,9.8,39.2,27.6,11.6
TX-1176,2026-08-08,Saturday,Galletas Soda Field,Snacks,Tienda Física,5,2.5,12.5,7.0,5.5
TX-1177,2026-08-08,Saturday,Inca Kola 1.5L,Bebidas,WhatsApp,1,7.5,7.5,4.8,2.7
TX-1178,2026-08-08,Saturday,Cerveza Cusqueña 6pack,Bebidas,Delivery / App,4,34.0,136.0,96.0,40.0
TX-1179,2026-08-08,Saturday,Pollo Entero kg,Carnes/Frescos,Tienda Física,1,9.8,9.8,6.9,2.9
TX-1180,2026-08-08,Saturday,Cerveza Cusqueña 6pack,Bebidas,Delivery / App,2,34.0,68.0,48.0,20.0
TX-1181,2026-08-08,Saturday,Detergente Opal 1kg,Limpieza,Tienda Física,2,12.0,24.0,16.4,7.6
TX-1182,2026-08-08,Saturday,Galletas Soda Field,Snacks,Tienda Física,5,2.5,12.5,7.0,5.5
TX-1183,2026-08-08,Saturday,Aceite Primor 1L,Abarrotes,WhatsApp,4,11.5,46.0,34.0,12.0
TX-1184,2026-08-08,Saturday,Aceite Primor 1L,Abarrotes,Yape / Plin,4,11.5,46.0,34.0,12.0
TX-1185,2026-08-08,Saturday,Detergente Opal 1kg,Limpieza,Tienda Física,5,12.0,60.0,41.0,19.0
TX-1186,2026-08-08,Saturday,Arroz Costeño 5kg,Abarrotes,Yape / Plin,2,24.5,49.0,36.0,13.0
TX-1187,2026-08-08,Saturday,Aceite Primor 1L,Abarrotes,Tienda Física,5,11.5,57.5,42.5,15.0
TX-1188,2026-08-09,Sunday,Leche Gloria 400g,Lácteos,Tienda Física,5,4.2,21.0,15.5,5.5
TX-1189,2026-08-09,Sunday,Inca Kola 1.5L,Bebidas,Delivery / App,1,7.5,7.5,4.8,2.7
TX-1190,2026-08-09,Sunday,Arroz Costeño 5kg,Abarrotes,Yape / Plin,5,24.5,122.5,90.0,32.5
TX-1191,2026-08-09,Sunday,Detergente Opal 1kg,Limpieza,Tienda Física,4,12.0,48.0,32.8,15.2
TX-1192,2026-08-09,Sunday,Cerveza Cusqueña 6pack,Bebidas,WhatsApp,4,34.0,136.0,96.0,40.0
TX-1193,2026-08-09,Sunday,Leche Gloria 400g,Lácteos,Delivery / App,2,4.2,8.4,6.2,2.2
TX-1194,2026-08-09,Sunday,Galletas Soda Field,Snacks,Tienda Física,3,2.5,7.5,4.2,3.3
TX-1195,2026-08-09,Sunday,Aceite Primor 1L,Abarrotes,WhatsApp,4,11.5,46.0,34.0,12.0
TX-1196,2026-08-09,Sunday,Inca Kola 1.5L,Bebidas,Yape / Plin,4,7.5,30.0,19.2,10.8
TX-1197,2026-08-09,Sunday,Galletas Soda Field,Snacks,WhatsApp,1,2.5,2.5,1.4,1.1
TX-1198,2026-08-09,Sunday,Leche Gloria 400g,Lácteos,Tienda Física,5,4.2,21.0,15.5,5.5
TX-1199,2026-08-09,Sunday,Arroz Costeño 5kg,Abarrotes,Tienda Física,4,24.5,98.0,72.0,26.0
TX-1200,2026-08-09,Sunday,Pollo Entero kg,Carnes/Frescos,Tienda Física,1,9.8,9.8,6.9,2.9
TX-1201,2026-08-09,Sunday,Detergente Opal 1kg,Limpieza,Tienda Física,2,12.0,24.0,16.4,7.6
TX-1202,2026-08-09,Sunday,Pollo Entero kg,Carnes/Frescos,Tienda Física,5,9.8,49.0,34.5,14.5
TX-1203,2026-08-09,Sunday,Cerveza Cusqueña 6pack,Bebidas,Delivery / App,5,34.0,170.0,120.0,50.0
TX-1204,2026-08-09,Sunday,Cerveza Cusqueña 6pack,Bebidas,WhatsApp,4,34.0,136.0,96.0,40.0
TX-1205,2026-08-09,Sunday,Inca Kola 1.5L,Bebidas,Tienda Física,1,7.5,7.5,4.8,2.7
TX-1206,2026-08-09,Sunday,Arroz Costeño 5kg,Abarrotes,WhatsApp,1,24.5,24.5,18.0,6.5
TX-1207,2026-08-09,Sunday,Galletas Soda Field,Snacks,WhatsApp,1,2.5,2.5,1.4,1.1
TX-1208,2026-08-09,Sunday,Detergente Opal 1kg,Limpieza,Delivery / App,3,12.0,36.0,24.6,11.4
TX-1209,2026-08-09,Sunday,Arroz Costeño 5kg,Abarrotes,Tienda Física,3,24.5,73.5,54.0,19.5
TX-1210,2026-08-09,Sunday,Pollo Entero kg,Carnes/Frescos,Tienda Física,4,9.8,39.2,27.6,11.6
TX-1211,2026-08-09,Sunday,Cerveza Cusqueña 6pack,Bebidas,Tienda Física,2,34.0,68.0,48.0,20.0
TX-1212,2026-08-09,Sunday,Aceite Primor 1L,Abarrotes,Tienda Física,2,11.5,23.0,17.0,6.0
TX-1213,2026-08-09,Sunday,Inca Kola 1.5L,Bebidas,Tienda Física,4,7.5,30.0,19.2,10.8
TX-1214,2026-08-09,Sunday,Inca Kola 1.5L,Bebidas,WhatsApp,3,7.5,22.5,14.4,8.1
TX-1215,2026-08-10,Monday,Arroz Costeño 5kg,Abarrotes,Tienda Física,1,24.5,24.5,18.0,6.5
TX-1216,2026-08-10,Monday,Cerveza Cusqueña 6pack,Bebidas,Tienda Física,4,34.0,136.0,96.0,40.0
TX-1217,2026-08-10,Monday,Cerveza Cusqueña 6pack,Bebidas,Yape / Plin,3,34.0,102.0,72.0,30.0
TX-1218,2026-08-10,Monday,Aceite Primor 1L,Abarrotes,WhatsApp,3,11.5,34.5,25.5,9.0
TX-1219,2026-08-10,Monday,Galletas Soda Field,Snacks,Tienda Física,1,2.5,2.5,1.4,1.1
TX-1220,2026-08-10,Monday,Pollo Entero kg,Carnes/Frescos,WhatsApp,2,9.8,19.6,13.8,5.8
TX-1221,2026-08-10,Monday,Cerveza Cusqueña 6pack,Bebidas,Yape / Plin,1,34.0,34.0,24.0,10.0
TX-1222,2026-08-10,Monday,Aceite Primor 1L,Abarrotes,Tienda Física,1,11.5,11.5,8.5,3.0
TX-1223,2026-08-10,Monday,Aceite Primor 1L,Abarrotes,Delivery / App,1,11.5,11.5,8.5,3.0
TX-1224,2026-08-10,Monday,Leche Gloria 400g,Lácteos,Yape / Plin,1,4.2,4.2,3.1,1.1
TX-1225,2026-08-10,Monday,Aceite Primor 1L,Abarrotes,Tienda Física,1,11.5,11.5,8.5,3.0
TX-1226,2026-08-10,Monday,Arroz Costeño 5kg,Abarrotes,Tienda Física,5,24.5,122.5,90.0,32.5
TX-1227,2026-08-11,Tuesday,Inca Kola 1.5L,Bebidas,Tienda Física,1,7.5,7.5,4.8,2.7
TX-1228,2026-08-11,Tuesday,Cerveza Cusqueña 6pack,Bebidas,WhatsApp,3,34.0,102.0,72.0,30.0
TX-1229,2026-08-11,Tuesday,Cerveza Cusqueña 6pack,Bebidas,Delivery / App,5,34.0,170.0,120.0,50.0
TX-1230,2026-08-11,Tuesday,Aceite Primor 1L,Abarrotes,Tienda Física,3,11.5,34.5,25.5,9.0
TX-1231,2026-08-11,Tuesday,Detergente Opal 1kg,Limpieza,Tienda Física,1,12.0,12.0,8.2,3.8
TX-1232,2026-08-11,Tuesday,Leche Gloria 400g,Lácteos,WhatsApp,5,4.2,21.0,15.5,5.5
TX-1233,2026-08-11,Tuesday,Detergente Opal 1kg,Limpieza,WhatsApp,1,12.0,12.0,8.2,3.8
TX-1234,2026-08-11,Tuesday,Pollo Entero kg,Carnes/Frescos,Tienda Física,2,9.8,19.6,13.8,5.8
TX-1235,2026-08-11,Tuesday,Pollo Entero kg,Carnes/Frescos,Tienda Física,2,9.8,19.6,13.8,5.8
TX-1236,2026-08-11,Tuesday,Detergente Opal 1kg,Limpieza,Tienda Física,3,12.0,36.0,24.6,11.4
TX-1237,2026-08-11,Tuesday,Inca Kola 1.5L,Bebidas,WhatsApp,1,7.5,7.5,4.8,2.7
TX-1238,2026-08-11,Tuesday,Cerveza Cusqueña 6pack,Bebidas,Tienda Física,3,34.0,102.0,72.0,30.0
TX-1239,2026-08-11,Tuesday,Pollo Entero kg,Carnes/Frescos,WhatsApp,5,9.8,49.0,34.5,14.5
TX-1240,2026-08-11,Tuesday,Aceite Primor 1L,Abarrotes,Tienda Física,3,11.5,34.5,25.5,9.0
TX-1241,2026-08-11,Tuesday,Detergente Opal 1kg,Limpieza,Delivery / App,4,12.0,48.0,32.8,15.2
TX-1242,2026-08-11,Tuesday,Aceite Primor 1L,Abarrotes,WhatsApp,2,11.5,23.0,17.0,6.0
TX-1243,2026-08-11,Tuesday,Galletas Soda Field,Snacks,Tienda Física,3,2.5,7.5,4.2,3.3
TX-1244,2026-08-12,Wednesday,Inca Kola 1.5L,Bebidas,Tienda Física,1,7.5,7.5,4.8,2.7
TX-1245,2026-08-12,Wednesday,Pollo Entero kg,Carnes/Frescos,Tienda Física,4,9.8,39.2,27.6,11.6
TX-1246,2026-08-12,Wednesday,Aceite Primor 1L,Abarrotes,WhatsApp,3,11.5,34.5,25.5,9.0
TX-1247,2026-08-12,Wednesday,Cerveza Cusqueña 6pack,Bebidas,Tienda Física,4,34.0,136.0,96.0,40.0
TX-1248,2026-08-12,Wednesday,Arroz Costeño 5kg,Abarrotes,Yape / Plin,2,24.5,49.0,36.0,13.0
TX-1249,2026-08-12,Wednesday,Inca Kola 1.5L,Bebidas,Delivery / App,5,7.5,37.5,24.0,13.5
TX-1250,2026-08-12,Wednesday,Cerveza Cusqueña 6pack,Bebidas,Tienda Física,2,34.0,68.0,48.0,20.0
TX-1251,2026-08-12,Wednesday,Leche Gloria 400g,Lácteos,Tienda Física,3,4.2,12.6,9.3,3.3
TX-1252,2026-08-12,Wednesday,Leche Gloria 400g,Lácteos,Tienda Física,1,4.2,4.2,3.1,1.1
TX-1253,2026-08-12,Wednesday,Pollo Entero kg,Carnes/Frescos,Tienda Física,3,9.8,29.4,20.7,8.7
TX-1254,2026-08-12,Wednesday,Pollo Entero kg,Carnes/Frescos,Tienda Física,4,9.8,39.2,27.6,11.6
TX-1255,2026-08-12,Wednesday,Pollo Entero kg,Carnes/Frescos,Yape / Plin,1,9.8,9.8,6.9,2.9
TX-1256,2026-08-12,Wednesday,Leche Gloria 400g,Lácteos,WhatsApp,3,4.2,12.6,9.3,3.3
TX-1257,2026-08-13,Thursday,Cerveza Cusqueña 6pack,Bebidas,Tienda Física,2,34.0,68.0,48.0,20.0
TX-1258,2026-08-13,Thursday,Cerveza Cusqueña 6pack,Bebidas,Tienda Física,5,34.0,170.0,120.0,50.0
TX-1259,2026-08-13,Thursday,Aceite Primor 1L,Abarrotes,Tienda Física,5,11.5,57.5,42.5,15.0
TX-1260,2026-08-13,Thursday,Detergente Opal 1kg,Limpieza,Tienda Física,1,12.0,12.0,8.2,3.8
TX-1261,2026-08-13,Thursday,Inca Kola 1.5L,Bebidas,Yape / Plin,2,7.5,15.0,9.6,5.4
TX-1262,2026-08-13,Thursday,Arroz Costeño 5kg,Abarrotes,WhatsApp,2,24.5,49.0,36.0,13.0
TX-1263,2026-08-13,Thursday,Arroz Costeño 5kg,Abarrotes,Yape / Plin,2,24.5,49.0,36.0,13.0
TX-1264,2026-08-13,Thursday,Arroz Costeño 5kg,Abarrotes,Delivery / App,3,24.5,73.5,54.0,19.5
TX-1265,2026-08-13,Thursday,Cerveza Cusqueña 6pack,Bebidas,Tienda Física,1,34.0,34.0,24.0,10.0
TX-1266,2026-08-13,Thursday,Arroz Costeño 5kg,Abarrotes,WhatsApp,1,24.5,24.5,18.0,6.5
TX-1267,2026-08-13,Thursday,Inca Kola 1.5L,Bebidas,Yape / Plin,2,7.5,15.0,9.6,5.4
TX-1268,2026-08-13,Thursday,Detergente Opal 1kg,Limpieza,WhatsApp,2,12.0,24.0,16.4,7.6
TX-1269,2026-08-13,Thursday,Detergente Opal 1kg,Limpieza,Tienda Física,3,12.0,36.0,24.6,11.4
TX-1270,2026-08-14,Friday,Leche Gloria 400g,Lácteos,Tienda Física,3,4.2,12.6,9.3,3.3
TX-1271,2026-08-14,Friday,Cerveza Cusqueña 6pack,Bebidas,Tienda Física,2,34.0,68.0,48.0,20.0
TX-1272,2026-08-14,Friday,Leche Gloria 400g,Lácteos,Tienda Física,3,4.2,12.6,9.3,3.3
TX-1273,2026-08-14,Friday,Arroz Costeño 5kg,Abarrotes,Tienda Física,5,24.5,122.5,90.0,32.5
TX-1274,2026-08-14,Friday,Galletas Soda Field,Snacks,Yape / Plin,1,2.5,2.5,1.4,1.1
TX-1275,2026-08-14,Friday,Detergente Opal 1kg,Limpieza,Tienda Física,2,12.0,24.0,16.4,7.6
TX-1276,2026-08-14,Friday,Arroz Costeño 5kg,Abarrotes,Tienda Física,1,24.5,24.5,18.0,6.5
TX-1277,2026-08-14,Friday,Arroz Costeño 5kg,Abarrotes,Tienda Física,4,24.5,98.0,72.0,26.0
TX-1278,2026-08-14,Friday,Arroz Costeño 5kg,Abarrotes,Tienda Física,5,24.5,122.5,90.0,32.5
TX-1279,2026-08-14,Friday,Inca Kola 1.5L,Bebidas,WhatsApp,2,7.5,15.0,9.6,5.4
TX-1280,2026-08-14,Friday,Pollo Entero kg,Carnes/Frescos,WhatsApp,1,9.8,9.8,6.9,2.9
TX-1281,2026-08-14,Friday,Aceite Primor 1L,Abarrotes,Tienda Física,1,11.5,11.5,8.5,3.0
TX-1282,2026-08-14,Friday,Inca Kola 1.5L,Bebidas,WhatsApp,2,7.5,15.0,9.6,5.4
TX-1283,2026-08-14,Friday,Leche Gloria 400g,Lácteos,Delivery / App,3,4.2,12.6,9.3,3.3
TX-1284,2026-08-14,Friday,Cerveza Cusqueña 6pack,Bebidas,Tienda Física,1,34.0,34.0,24.0,10.0
TX-1285,2026-08-14,Friday,Detergente Opal 1kg,Limpieza,Tienda Física,5,12.0,60.0,41.0,19.0
TX-1286,2026-08-14,Friday,Galletas Soda Field,Snacks,Yape / Plin,4,2.5,10.0,5.6,4.4
TX-1287,2026-08-14,Friday,Detergente Opal 1kg,Limpieza,Tienda Física,1,12.0,12.0,8.2,3.8
TX-1288,2026-08-14,Friday,Leche Gloria 400g,Lácteos,Delivery / App,5,4.2,21.0,15.5,5.5
TX-1289,2026-08-14,Friday,Galletas Soda Field,Snacks,WhatsApp,2,2.5,5.0,2.8,2.2
TX-1290,2026-08-14,Friday,Leche Gloria 400g,Lácteos,Tienda Física,4,4.2,16.8,12.4,4.4
TX-1291,2026-08-14,Friday,Detergente Opal 1kg,Limpieza,Tienda Física,1,12.0,12.0,8.2,3.8
TX-1292,2026-08-14,Friday,Detergente Opal 1kg,Limpieza,Yape / Plin,3,12.0,36.0,24.6,11.4
TX-1293,2026-08-14,Friday,Aceite Primor 1L,Abarrotes,WhatsApp,3,11.5,34.5,25.5,9.0
TX-1294,2026-08-14,Friday,Leche Gloria 400g,Lácteos,Yape / Plin,5,4.2,21.0,15.5,5.5
TX-1295,2026-08-14,Friday,Detergente Opal 1kg,Limpieza,Tienda Física,2,12.0,24.0,16.4,7.6
TX-1296,2026-08-14,Friday,Leche Gloria 400g,Lácteos,Tienda Física,4,4.2,16.8,12.4,4.4
TX-1297,2026-08-14,Friday,Arroz Costeño 5kg,Abarrotes,Tienda Física,4,24.5,98.0,72.0,26.0
TX-1298,2026-08-15,Saturday,Pollo Entero kg,Carnes/Frescos,Tienda Física,5,9.8,49.0,34.5,14.5
TX-1299,2026-08-15,Saturday,Galletas Soda Field,Snacks,Tienda Física,4,2.5,10.0,5.6,4.4
TX-1300,2026-08-15,Saturday,Leche Gloria 400g,Lácteos,Tienda Física,1,4.2,4.2,3.1,1.1
TX-1301,2026-08-15,Saturday,Pollo Entero kg,Carnes/Frescos,Tienda Física,2,9.8,19.6,13.8,5.8
TX-1302,2026-08-15,Saturday,Aceite Primor 1L,Abarrotes,Tienda Física,4,11.5,46.0,34.0,12.0
TX-1303,2026-08-15,Saturday,Pollo Entero kg,Carnes/Frescos,Tienda Física,2,9.8,19.6,13.8,5.8
TX-1304,2026-08-15,Saturday,Galletas Soda Field,Snacks,Tienda Física,5,2.5,12.5,7.0,5.5
TX-1305,2026-08-15,Saturday,Arroz Costeño 5kg,Abarrotes,Tienda Física,3,24.5,73.5,54.0,19.5
TX-1306,2026-08-15,Saturday,Detergente Opal 1kg,Limpieza,Tienda Física,3,12.0,36.0,24.6,11.4
TX-1307,2026-08-15,Saturday,Arroz Costeño 5kg,Abarrotes,Yape / Plin,5,24.5,122.5,90.0,32.5
TX-1308,2026-08-15,Saturday,Inca Kola 1.5L,Bebidas,Tienda Física,2,7.5,15.0,9.6,5.4
TX-1309,2026-08-15,Saturday,Pollo Entero kg,Carnes/Frescos,Delivery / App,3,9.8,29.4,20.7,8.7
TX-1310,2026-08-15,Saturday,Inca Kola 1.5L,Bebidas,Tienda Física,3,7.5,22.5,14.4,8.1
TX-1311,2026-08-15,Saturday,Pollo Entero kg,Carnes/Frescos,Yape / Plin,4,9.8,39.2,27.6,11.6
TX-1312,2026-08-15,Saturday,Pollo Entero kg,Carnes/Frescos,Yape / Plin,3,9.8,29.4,20.7,8.7
TX-1313,2026-08-15,Saturday,Detergente Opal 1kg,Limpieza,Tienda Física,4,12.0,48.0,32.8,15.2
TX-1314,2026-08-15,Saturday,Cerveza Cusqueña 6pack,Bebidas,Yape / Plin,5,34.0,170.0,120.0,50.0
TX-1315,2026-08-15,Saturday,Leche Gloria 400g,Lácteos,Delivery / App,2,4.2,8.4,6.2,2.2
TX-1316,2026-08-15,Saturday,Arroz Costeño 5kg,Abarrotes,WhatsApp,5,24.5,122.5,90.0,32.5
TX-1317,2026-08-15,Saturday,Aceite Primor 1L,Abarrotes,WhatsApp,3,11.5,34.5,25.5,9.0
TX-1318,2026-08-15,Saturday,Arroz Costeño 5kg,Abarrotes,Tienda Física,1,24.5,24.5,18.0,6.5
TX-1319,2026-08-15,Saturday,Arroz Costeño 5kg,Abarrotes,Tienda Física,2,24.5,49.0,36.0,13.0
TX-1320,2026-08-15,Saturday,Pollo Entero kg,Carnes/Frescos,Tienda Física,3,9.8,29.4,20.7,8.7
TX-1321,2026-08-15,Saturday,Detergente Opal 1kg,Limpieza,WhatsApp,3,12.0,36.0,24.6,11.4
TX-1322,2026-08-15,Saturday,Pollo Entero kg,Carnes/Frescos,Tienda Física,2,9.8,19.6,13.8,5.8
TX-1323,2026-08-15,Saturday,Galletas Soda Field,Snacks,Tienda Física,5,2.5,12.5,7.0,5.5
TX-1324,2026-08-15,Saturday,Detergente Opal 1kg,Limpieza,Yape / Plin,3,12.0,36.0,24.6,11.4
TX-1325,2026-08-15,Saturday,Detergente Opal 1kg,Limpieza,Tienda Física,1,12.0,12.0,8.2,3.8
TX-1326,2026-08-15,Saturday,Cerveza Cusqueña 6pack,Bebidas,WhatsApp,3,34.0,102.0,72.0,30.0
TX-1327,2026-08-15,Saturday,Detergente Opal 1kg,Limpieza,WhatsApp,4,12.0,48.0,32.8,15.2
TX-1328,2026-08-15,Saturday,Aceite Primor 1L,Abarrotes,Yape / Plin,5,11.5,57.5,42.5,15.0
TX-1329,2026-08-15,Saturday,Arroz Costeño 5kg,Abarrotes,Tienda Física,5,24.5,122.5,90.0,32.5
TX-1330,2026-08-15,Saturday,Inca Kola 1.5L,Bebidas,Tienda Física,5,7.5,37.5,24.0,13.5
TX-1331,2026-08-15,Saturday,Pollo Entero kg,Carnes/Frescos,Tienda Física,5,9.8,49.0,34.5,14.5
TX-1332,2026-08-15,Saturday,Cerveza Cusqueña 6pack,Bebidas,WhatsApp,4,34.0,136.0,96.0,40.0
TX-1333,2026-08-16,Sunday,Leche Gloria 400g,Lácteos,WhatsApp,3,4.2,12.6,9.3,3.3
TX-1334,2026-08-16,Sunday,Inca Kola 1.5L,Bebidas,Tienda Física,2,7.5,15.0,9.6,5.4
TX-1335,2026-08-16,Sunday,Cerveza Cusqueña 6pack,Bebidas,Tienda Física,4,34.0,136.0,96.0,40.0
TX-1336,2026-08-16,Sunday,Aceite Primor 1L,Abarrotes,Delivery / App,2,11.5,23.0,17.0,6.0
TX-1337,2026-08-16,Sunday,Inca Kola 1.5L,Bebidas,WhatsApp,2,7.5,15.0,9.6,5.4
TX-1338,2026-08-16,Sunday,Detergente Opal 1kg,Limpieza,WhatsApp,2,12.0,24.0,16.4,7.6
TX-1339,2026-08-16,Sunday,Galletas Soda Field,Snacks,WhatsApp,4,2.5,10.0,5.6,4.4
TX-1340,2026-08-16,Sunday,Inca Kola 1.5L,Bebidas,Delivery / App,4,7.5,30.0,19.2,10.8
TX-1341,2026-08-16,Sunday,Cerveza Cusqueña 6pack,Bebidas,WhatsApp,5,34.0,170.0,120.0,50.0
TX-1342,2026-08-16,Sunday,Aceite Primor 1L,Abarrotes,WhatsApp,1,11.5,11.5,8.5,3.0
TX-1343,2026-08-16,Sunday,Aceite Primor 1L,Abarrotes,Tienda Física,1,11.5,11.5,8.5,3.0
TX-1344,2026-08-16,Sunday,Cerveza Cusqueña 6pack,Bebidas,Delivery / App,1,34.0,34.0,24.0,10.0
TX-1345,2026-08-16,Sunday,Galletas Soda Field,Snacks,Tienda Física,1,2.5,2.5,1.4,1.1
TX-1346,2026-08-16,Sunday,Cerveza Cusqueña 6pack,Bebidas,Yape / Plin,2,34.0,68.0,48.0,20.0
TX-1347,2026-08-16,Sunday,Detergente Opal 1kg,Limpieza,Tienda Física,1,12.0,12.0,8.2,3.8
TX-1348,2026-08-16,Sunday,Detergente Opal 1kg,Limpieza,WhatsApp,3,12.0,36.0,24.6,11.4
TX-1349,2026-08-16,Sunday,Cerveza Cusqueña 6pack,Bebidas,WhatsApp,1,34.0,34.0,24.0,10.0
TX-1350,2026-08-16,Sunday,Aceite Primor 1L,Abarrotes,Yape / Plin,4,11.5,46.0,34.0,12.0
TX-1351,2026-08-16,Sunday,Aceite Primor 1L,Abarrotes,Tienda Física,1,11.5,11.5,8.5,3.0
TX-1352,2026-08-16,Sunday,Inca Kola 1.5L,Bebidas,Yape / Plin,1,7.5,7.5,4.8,2.7
TX-1353,2026-08-16,Sunday,Detergente Opal 1kg,Limpieza,Tienda Física,2,12.0,24.0,16.4,7.6
TX-1354,2026-08-16,Sunday,Leche Gloria 400g,Lácteos,Delivery / App,2,4.2,8.4,6.2,2.2
TX-1355,2026-08-16,Sunday,Pollo Entero kg,Carnes/Frescos,Tienda Física,3,9.8,29.4,20.7,8.7
TX-1356,2026-08-17,Monday,Leche Gloria 400g,Lácteos,Tienda Física,1,4.2,4.2,3.1,1.1
TX-1357,2026-08-17,Monday,Detergente Opal 1kg,Limpieza,Delivery / App,5,12.0,60.0,41.0,19.0
TX-1358,2026-08-17,Monday,Arroz Costeño 5kg,Abarrotes,WhatsApp,5,24.5,122.5,90.0,32.5
TX-1359,2026-08-17,Monday,Detergente Opal 1kg,Limpieza,Tienda Física,2,12.0,24.0,16.4,7.6
TX-1360,2026-08-17,Monday,Cerveza Cusqueña 6pack,Bebidas,Tienda Física,1,34.0,34.0,24.0,10.0
TX-1361,2026-08-17,Monday,Inca Kola 1.5L,Bebidas,Tienda Física,1,7.5,7.5,4.8,2.7
TX-1362,2026-08-17,Monday,Detergente Opal 1kg,Limpieza,Tienda Física,4,12.0,48.0,32.8,15.2
TX-1363,2026-08-17,Monday,Pollo Entero kg,Carnes/Frescos,Tienda Física,1,9.8,9.8,6.9,2.9
TX-1364,2026-08-17,Monday,Pollo Entero kg,Carnes/Frescos,Tienda Física,5,9.8,49.0,34.5,14.5
TX-1365,2026-08-17,Monday,Leche Gloria 400g,Lácteos,Yape / Plin,3,4.2,12.6,9.3,3.3
TX-1366,2026-08-17,Monday,Detergente Opal 1kg,Limpieza,WhatsApp,5,12.0,60.0,41.0,19.0
TX-1367,2026-08-17,Monday,Cerveza Cusqueña 6pack,Bebidas,Tienda Física,3,34.0,102.0,72.0,30.0
TX-1368,2026-08-17,Monday,Detergente Opal 1kg,Limpieza,Tienda Física,3,12.0,36.0,24.6,11.4
TX-1369,2026-08-17,Monday,Aceite Primor 1L,Abarrotes,Tienda Física,4,11.5,46.0,34.0,12.0
TX-1370,2026-08-17,Monday,Detergente Opal 1kg,Limpieza,Tienda Física,3,12.0,36.0,24.6,11.4
TX-1371,2026-08-17,Monday,Arroz Costeño 5kg,Abarrotes,Tienda Física,5,24.5,122.5,90.0,32.5
TX-1372,2026-08-17,Monday,Leche Gloria 400g,Lácteos,Tienda Física,2,4.2,8.4,6.2,2.2
TX-1373,2026-08-17,Monday,Detergente Opal 1kg,Limpieza,Tienda Física,2,12.0,24.0,16.4,7.6
TX-1374,2026-08-17,Monday,Galletas Soda Field,Snacks,Yape / Plin,4,2.5,10.0,5.6,4.4
TX-1375,2026-08-17,Monday,Galletas Soda Field,Snacks,Tienda Física,5,2.5,12.5,7.0,5.5
TX-1376,2026-08-17,Monday,Arroz Costeño 5kg,Abarrotes,Tienda Física,3,24.5,73.5,54.0,19.5
TX-1377,2026-08-17,Monday,Leche Gloria 400g,Lácteos,WhatsApp,5,4.2,21.0,15.5,5.5
TX-1378,2026-08-18,Tuesday,Galletas Soda Field,Snacks,Tienda Física,5,2.5,12.5,7.0,5.5
TX-1379,2026-08-18,Tuesday,Arroz Costeño 5kg,Abarrotes,Tienda Física,4,24.5,98.0,72.0,26.0
TX-1380,2026-08-18,Tuesday,Aceite Primor 1L,Abarrotes,Tienda Física,3,11.5,34.5,25.5,9.0
TX-1381,2026-08-18,Tuesday,Detergente Opal 1kg,Limpieza,Delivery / App,3,12.0,36.0,24.6,11.4
TX-1382,2026-08-18,Tuesday,Inca Kola 1.5L,Bebidas,Tienda Física,5,7.5,37.5,24.0,13.5
TX-1383,2026-08-18,Tuesday,Detergente Opal 1kg,Limpieza,Tienda Física,2,12.0,24.0,16.4,7.6
TX-1384,2026-08-18,Tuesday,Galletas Soda Field,Snacks,Tienda Física,1,2.5,2.5,1.4,1.1
TX-1385,2026-08-18,Tuesday,Leche Gloria 400g,Lácteos,Yape / Plin,5,4.2,21.0,15.5,5.5
TX-1386,2026-08-18,Tuesday,Cerveza Cusqueña 6pack,Bebidas,WhatsApp,4,34.0,136.0,96.0,40.0
TX-1387,2026-08-18,Tuesday,Arroz Costeño 5kg,Abarrotes,Tienda Física,5,24.5,122.5,90.0,32.5
TX-1388,2026-08-18,Tuesday,Aceite Primor 1L,Abarrotes,Tienda Física,2,11.5,23.0,17.0,6.0
TX-1389,2026-08-18,Tuesday,Galletas Soda Field,Snacks,Yape / Plin,4,2.5,10.0,5.6,4.4
TX-1390,2026-08-18,Tuesday,Cerveza Cusqueña 6pack,Bebidas,Tienda Física,1,34.0,34.0,24.0,10.0
TX-1391,2026-08-18,Tuesday,Inca Kola 1.5L,Bebidas,Delivery / App,3,7.5,22.5,14.4,8.1
TX-1392,2026-08-18,Tuesday,Detergente Opal 1kg,Limpieza,Tienda Física,4,12.0,48.0,32.8,15.2
TX-1393,2026-08-18,Tuesday,Aceite Primor 1L,Abarrotes,Yape / Plin,3,11.5,34.5,25.5,9.0
TX-1394,2026-08-18,Tuesday,Pollo Entero kg,Carnes/Frescos,Tienda Física,1,9.8,9.8,6.9,2.9
TX-1395,2026-08-18,Tuesday,Arroz Costeño 5kg,Abarrotes,Tienda Física,1,24.5,24.5,18.0,6.5
TX-1396,2026-08-18,Tuesday,Cerveza Cusqueña 6pack,Bebidas,Tienda Física,1,34.0,34.0,24.0,10.0
TX-1397,2026-08-18,Tuesday,Detergente Opal 1kg,Limpieza,Tienda Física,3,12.0,36.0,24.6,11.4
TX-1398,2026-08-19,Wednesday,Aceite Primor 1L,Abarrotes,Tienda Física,5,11.5,57.5,42.5,15.0
TX-1399,2026-08-19,Wednesday,Galletas Soda Field,Snacks,Tienda Física,5,2.5,12.5,7.0,5.5
TX-1400,2026-08-19,Wednesday,Aceite Primor 1L,Abarrotes,Yape / Plin,5,11.5,57.5,42.5,15.0
TX-1401,2026-08-19,Wednesday,Arroz Costeño 5kg,Abarrotes,WhatsApp,2,24.5,49.0,36.0,13.0
TX-1402,2026-08-19,Wednesday,Arroz Costeño 5kg,Abarrotes,WhatsApp,2,24.5,49.0,36.0,13.0
TX-1403,2026-08-19,Wednesday,Cerveza Cusqueña 6pack,Bebidas,Tienda Física,2,34.0,68.0,48.0,20.0
TX-1404,2026-08-19,Wednesday,Leche Gloria 400g,Lácteos,Tienda Física,1,4.2,4.2,3.1,1.1
TX-1405,2026-08-19,Wednesday,Leche Gloria 400g,Lácteos,WhatsApp,2,4.2,8.4,6.2,2.2
TX-1406,2026-08-19,Wednesday,Arroz Costeño 5kg,Abarrotes,Tienda Física,5,24.5,122.5,90.0,32.5
TX-1407,2026-08-19,Wednesday,Cerveza Cusqueña 6pack,Bebidas,Tienda Física,1,34.0,34.0,24.0,10.0
TX-1408,2026-08-19,Wednesday,Inca Kola 1.5L,Bebidas,Tienda Física,2,7.5,15.0,9.6,5.4
TX-1409,2026-08-19,Wednesday,Aceite Primor 1L,Abarrotes,Delivery / App,4,11.5,46.0,34.0,12.0
TX-1410,2026-08-19,Wednesday,Arroz Costeño 5kg,Abarrotes,Tienda Física,3,24.5,73.5,54.0,19.5
TX-1411,2026-08-19,Wednesday,Leche Gloria 400g,Lácteos,Tienda Física,2,4.2,8.4,6.2,2.2
TX-1412,2026-08-19,Wednesday,Leche Gloria 400g,Lácteos,Tienda Física,3,4.2,12.6,9.3,3.3
TX-1413,2026-08-19,Wednesday,Arroz Costeño 5kg,Abarrotes,Tienda Física,3,24.5,73.5,54.0,19.5
TX-1414,2026-08-19,Wednesday,Leche Gloria 400g,Lácteos,Tienda Física,2,4.2,8.4,6.2,2.2
TX-1415,2026-08-19,Wednesday,Pollo Entero kg,Carnes/Frescos,Tienda Física,5,9.8,49.0,34.5,14.5
TX-1416,2026-08-19,Wednesday,Aceite Primor 1L,Abarrotes,Tienda Física,4,11.5,46.0,34.0,12.0
TX-1417,2026-08-19,Wednesday,Leche Gloria 400g,Lácteos,Yape / Plin,3,4.2,12.6,9.3,3.3
TX-1418,2026-08-19,Wednesday,Arroz Costeño 5kg,Abarrotes,WhatsApp,3,24.5,73.5,54.0,19.5
TX-1419,2026-08-20,Thursday,Arroz Costeño 5kg,Abarrotes,Tienda Física,2,24.5,49.0,36.0,13.0
TX-1420,2026-08-20,Thursday,Arroz Costeño 5kg,Abarrotes,Tienda Física,1,24.5,24.5,18.0,6.5
TX-1421,2026-08-20,Thursday,Arroz Costeño 5kg,Abarrotes,WhatsApp,1,24.5,24.5,18.0,6.5
TX-1422,2026-08-20,Thursday,Pollo Entero kg,Carnes/Frescos,Tienda Física,2,9.8,19.6,13.8,5.8
TX-1423,2026-08-20,Thursday,Leche Gloria 400g,Lácteos,Tienda Física,3,4.2,12.6,9.3,3.3
TX-1424,2026-08-20,Thursday,Inca Kola 1.5L,Bebidas,Delivery / App,4,7.5,30.0,19.2,10.8
TX-1425,2026-08-20,Thursday,Detergente Opal 1kg,Limpieza,Tienda Física,2,12.0,24.0,16.4,7.6
TX-1426,2026-08-20,Thursday,Cerveza Cusqueña 6pack,Bebidas,Yape / Plin,4,34.0,136.0,96.0,40.0
TX-1427,2026-08-20,Thursday,Arroz Costeño 5kg,Abarrotes,Yape / Plin,5,24.5,122.5,90.0,32.5
TX-1428,2026-08-20,Thursday,Arroz Costeño 5kg,Abarrotes,Tienda Física,1,24.5,24.5,18.0,6.5
TX-1429,2026-08-20,Thursday,Detergente Opal 1kg,Limpieza,WhatsApp,3,12.0,36.0,24.6,11.4
TX-1430,2026-08-20,Thursday,Cerveza Cusqueña 6pack,Bebidas,WhatsApp,1,34.0,34.0,24.0,10.0
TX-1431,2026-08-20,Thursday,Detergente Opal 1kg,Limpieza,Delivery / App,1,12.0,12.0,8.2,3.8
TX-1432,2026-08-21,Friday,Galletas Soda Field,Snacks,Delivery / App,3,2.5,7.5,4.2,3.3
TX-1433,2026-08-21,Friday,Cerveza Cusqueña 6pack,Bebidas,Tienda Física,2,34.0,68.0,48.0,20.0
TX-1434,2026-08-21,Friday,Aceite Primor 1L,Abarrotes,Tienda Física,1,11.5,11.5,8.5,3.0
TX-1435,2026-08-21,Friday,Cerveza Cusqueña 6pack,Bebidas,Tienda Física,2,34.0,68.0,48.0,20.0
TX-1436,2026-08-21,Friday,Galletas Soda Field,Snacks,WhatsApp,5,2.5,12.5,7.0,5.5
TX-1437,2026-08-21,Friday,Leche Gloria 400g,Lácteos,Tienda Física,2,4.2,8.4,6.2,2.2
TX-1438,2026-08-21,Friday,Cerveza Cusqueña 6pack,Bebidas,WhatsApp,2,34.0,68.0,48.0,20.0
TX-1439,2026-08-21,Friday,Inca Kola 1.5L,Bebidas,Tienda Física,3,7.5,22.5,14.4,8.1
TX-1440,2026-08-21,Friday,Aceite Primor 1L,Abarrotes,WhatsApp,1,11.5,11.5,8.5,3.0
TX-1441,2026-08-21,Friday,Pollo Entero kg,Carnes/Frescos,WhatsApp,3,9.8,29.4,20.7,8.7
TX-1442,2026-08-21,Friday,Cerveza Cusqueña 6pack,Bebidas,Yape / Plin,2,34.0,68.0,48.0,20.0
TX-1443,2026-08-21,Friday,Leche Gloria 400g,Lácteos,WhatsApp,2,4.2,8.4,6.2,2.2
TX-1444,2026-08-21,Friday,Inca Kola 1.5L,Bebidas,Tienda Física,1,7.5,7.5,4.8,2.7
TX-1445,2026-08-21,Friday,Detergente Opal 1kg,Limpieza,WhatsApp,1,12.0,12.0,8.2,3.8
TX-1446,2026-08-21,Friday,Arroz Costeño 5kg,Abarrotes,WhatsApp,5,24.5,122.5,90.0,32.5
TX-1447,2026-08-21,Friday,Detergente Opal 1kg,Limpieza,Tienda Física,2,12.0,24.0,16.4,7.6
TX-1448,2026-08-21,Friday,Aceite Primor 1L,Abarrotes,Tienda Física,2,11.5,23.0,17.0,6.0
TX-1449,2026-08-21,Friday,Galletas Soda Field,Snacks,Tienda Física,5,2.5,12.5,7.0,5.5
TX-1450,2026-08-21,Friday,Pollo Entero kg,Carnes/Frescos,Tienda Física,3,9.8,29.4,20.7,8.7
TX-1451,2026-08-21,Friday,Detergente Opal 1kg,Limpieza,Tienda Física,4,12.0,48.0,32.8,15.2
TX-1452,2026-08-21,Friday,Arroz Costeño 5kg,Abarrotes,Tienda Física,5,24.5,122.5,90.0,32.5
TX-1453,2026-08-21,Friday,Inca Kola 1.5L,Bebidas,WhatsApp,1,7.5,7.5,4.8,2.7
TX-1454,2026-08-21,Friday,Inca Kola 1.5L,Bebidas,Yape / Plin,1,7.5,7.5,4.8,2.7
TX-1455,2026-08-21,Friday,Arroz Costeño 5kg,Abarrotes,WhatsApp,4,24.5,98.0,72.0,26.0
TX-1456,2026-08-21,Friday,Detergente Opal 1kg,Limpieza,Tienda Física,1,12.0,12.0,8.2,3.8
TX-1457,2026-08-21,Friday,Detergente Opal 1kg,Limpieza,Tienda Física,2,12.0,24.0,16.4,7.6
TX-1458,2026-08-21,Friday,Detergente Opal 1kg,Limpieza,Tienda Física,5,12.0,60.0,41.0,19.0
TX-1459,2026-08-21,Friday,Arroz Costeño 5kg,Abarrotes,Delivery / App,5,24.5,122.5,90.0,32.5
TX-1460,2026-08-21,Friday,Arroz Costeño 5kg,Abarrotes,Tienda Física,1,24.5,24.5,18.0,6.5
TX-1461,2026-08-21,Friday,Inca Kola 1.5L,Bebidas,Delivery / App,4,7.5,30.0,19.2,10.8
TX-1462,2026-08-21,Friday,Cerveza Cusqueña 6pack,Bebidas,Tienda Física,5,34.0,170.0,120.0,50.0
TX-1463,2026-08-21,Friday,Inca Kola 1.5L,Bebidas,Delivery / App,3,7.5,22.5,14.4,8.1
TX-1464,2026-08-21,Friday,Aceite Primor 1L,Abarrotes,WhatsApp,1,11.5,11.5,8.5,3.0
TX-1465,2026-08-22,Saturday,Leche Gloria 400g,Lácteos,Yape / Plin,4,4.2,16.8,12.4,4.4
TX-1466,2026-08-22,Saturday,Detergente Opal 1kg,Limpieza,Yape / Plin,5,12.0,60.0,41.0,19.0
TX-1467,2026-08-22,Saturday,Detergente Opal 1kg,Limpieza,Tienda Física,2,12.0,24.0,16.4,7.6
TX-1468,2026-08-22,Saturday,Arroz Costeño 5kg,Abarrotes,Tienda Física,2,24.5,49.0,36.0,13.0
TX-1469,2026-08-22,Saturday,Aceite Primor 1L,Abarrotes,Yape / Plin,3,11.5,34.5,25.5,9.0
TX-1470,2026-08-22,Saturday,Cerveza Cusqueña 6pack,Bebidas,WhatsApp,5,34.0,170.0,120.0,50.0
TX-1471,2026-08-22,Saturday,Galletas Soda Field,Snacks,Tienda Física,1,2.5,2.5,1.4,1.1
TX-1472,2026-08-22,Saturday,Inca Kola 1.5L,Bebidas,Tienda Física,2,7.5,15.0,9.6,5.4
TX-1473,2026-08-22,Saturday,Leche Gloria 400g,Lácteos,Tienda Física,2,4.2,8.4,6.2,2.2
TX-1474,2026-08-22,Saturday,Aceite Primor 1L,Abarrotes,Tienda Física,1,11.5,11.5,8.5,3.0
TX-1475,2026-08-22,Saturday,Pollo Entero kg,Carnes/Frescos,Tienda Física,3,9.8,29.4,20.7,8.7
TX-1476,2026-08-22,Saturday,Pollo Entero kg,Carnes/Frescos,Tienda Física,5,9.8,49.0,34.5,14.5
TX-1477,2026-08-22,Saturday,Arroz Costeño 5kg,Abarrotes,WhatsApp,4,24.5,98.0,72.0,26.0
TX-1478,2026-08-22,Saturday,Aceite Primor 1L,Abarrotes,Yape / Plin,3,11.5,34.5,25.5,9.0
TX-1479,2026-08-22,Saturday,Leche Gloria 400g,Lácteos,Tienda Física,3,4.2,12.6,9.3,3.3
TX-1480,2026-08-22,Saturday,Arroz Costeño 5kg,Abarrotes,Delivery / App,3,24.5,73.5,54.0,19.5
TX-1481,2026-08-22,Saturday,Inca Kola 1.5L,Bebidas,Yape / Plin,2,7.5,15.0,9.6,5.4
TX-1482,2026-08-22,Saturday,Pollo Entero kg,Carnes/Frescos,WhatsApp,1,9.8,9.8,6.9,2.9
TX-1483,2026-08-22,Saturday,Leche Gloria 400g,Lácteos,Tienda Física,2,4.2,8.4,6.2,2.2
TX-1484,2026-08-22,Saturday,Galletas Soda Field,Snacks,WhatsApp,3,2.5,7.5,4.2,3.3
TX-1485,2026-08-22,Saturday,Aceite Primor 1L,Abarrotes,Tienda Física,2,11.5,23.0,17.0,6.0
TX-1486,2026-08-22,Saturday,Inca Kola 1.5L,Bebidas,Yape / Plin,5,7.5,37.5,24.0,13.5
TX-1487,2026-08-22,Saturday,Cerveza Cusqueña 6pack,Bebidas,Tienda Física,1,34.0,34.0,24.0,10.0
TX-1488,2026-08-22,Saturday,Cerveza Cusqueña 6pack,Bebidas,Delivery / App,5,34.0,170.0,120.0,50.0
TX-1489,2026-08-22,Saturday,Leche Gloria 400g,Lácteos,Tienda Física,2,4.2,8.4,6.2,2.2
TX-1490,2026-08-23,Sunday,Cerveza Cusqueña 6pack,Bebidas,Yape / Plin,1,34.0,34.0,24.0,10.0
TX-1491,2026-08-23,Sunday,Leche Gloria 400g,Lácteos,Yape / Plin,4,4.2,16.8,12.4,4.4
TX-1492,2026-08-23,Sunday,Leche Gloria 400g,Lácteos,Tienda Física,1,4.2,4.2,3.1,1.1
TX-1493,2026-08-23,Sunday,Cerveza Cusqueña 6pack,Bebidas,Delivery / App,1,34.0,34.0,24.0,10.0
TX-1494,2026-08-23,Sunday,Inca Kola 1.5L,Bebidas,Yape / Plin,3,7.5,22.5,14.4,8.1
TX-1495,2026-08-23,Sunday,Galletas Soda Field,Snacks,Yape / Plin,5,2.5,12.5,7.0,5.5
TX-1496,2026-08-23,Sunday,Aceite Primor 1L,Abarrotes,Tienda Física,1,11.5,11.5,8.5,3.0
TX-1497,2026-08-23,Sunday,Galletas Soda Field,Snacks,Tienda Física,2,2.5,5.0,2.8,2.2
TX-1498,2026-08-23,Sunday,Leche Gloria 400g,Lácteos,WhatsApp,5,4.2,21.0,15.5,5.5
TX-1499,2026-08-23,Sunday,Galletas Soda Field,Snacks,Yape / Plin,2,2.5,5.0,2.8,2.2
TX-1500,2026-08-23,Sunday,Detergente Opal 1kg,Limpieza,Tienda Física,5,12.0,60.0,41.0,19.0
TX-1501,2026-08-23,Sunday,Galletas Soda Field,Snacks,Tienda Física,2,2.5,5.0,2.8,2.2
TX-1502,2026-08-23,Sunday,Detergente Opal 1kg,Limpieza,Delivery / App,3,12.0,36.0,24.6,11.4
TX-1503,2026-08-23,Sunday,Arroz Costeño 5kg,Abarrotes,WhatsApp,2,24.5,49.0,36.0,13.0
TX-1504,2026-08-23,Sunday,Pollo Entero kg,Carnes/Frescos,Yape / Plin,5,9.8,49.0,34.5,14.5
TX-1505,2026-08-23,Sunday,Detergente Opal 1kg,Limpieza,Yape / Plin,3,12.0,36.0,24.6,11.4
TX-1506,2026-08-23,Sunday,Aceite Primor 1L,Abarrotes,Delivery / App,1,11.5,11.5,8.5,3.0
TX-1507,2026-08-23,Sunday,Galletas Soda Field,Snacks,WhatsApp,4,2.5,10.0,5.6,4.4
TX-1508,2026-08-23,Sunday,Detergente Opal 1kg,Limpieza,Tienda Física,5,12.0,60.0,41.0,19.0
TX-1509,2026-08-23,Sunday,Inca Kola 1.5L,Bebidas,WhatsApp,4,7.5,30.0,19.2,10.8
TX-1510,2026-08-23,Sunday,Aceite Primor 1L,Abarrotes,Tienda Física,4,11.5,46.0,34.0,12.0
TX-1511,2026-08-23,Sunday,Arroz Costeño 5kg,Abarrotes,Tienda Física,4,24.5,98.0,72.0,26.0
TX-1512,2026-08-23,Sunday,Aceite Primor 1L,Abarrotes,Tienda Física,1,11.5,11.5,8.5,3.0
TX-1513,2026-08-23,Sunday,Pollo Entero kg,Carnes/Frescos,Yape / Plin,3,9.8,29.4,20.7,8.7
TX-1514,2026-08-23,Sunday,Detergente Opal 1kg,Limpieza,Tienda Física,5,12.0,60.0,41.0,19.0
TX-1515,2026-08-23,Sunday,Leche Gloria 400g,Lácteos,WhatsApp,3,4.2,12.6,9.3,3.3
TX-1516,2026-08-23,Sunday,Inca Kola 1.5L,Bebidas,Tienda Física,5,7.5,37.5,24.0,13.5
TX-1517,2026-08-23,Sunday,Detergente Opal 1kg,Limpieza,Tienda Física,3,12.0,36.0,24.6,11.4
TX-1518,2026-08-23,Sunday,Galletas Soda Field,Snacks,Tienda Física,2,2.5,5.0,2.8,2.2
TX-1519,2026-08-23,Sunday,Aceite Primor 1L,Abarrotes,Delivery / App,5,11.5,57.5,42.5,15.0
TX-1520,2026-08-23,Sunday,Leche Gloria 400g,Lácteos,Yape / Plin,5,4.2,21.0,15.5,5.5
TX-1521,2026-08-23,Sunday,Galletas Soda Field,Snacks,WhatsApp,5,2.5,12.5,7.0,5.5
TX-1522,2026-08-23,Sunday,Inca Kola 1.5L,Bebidas,Yape / Plin,2,7.5,15.0,9.6,5.4
TX-1523,2026-08-23,Sunday,Inca Kola 1.5L,Bebidas,Tienda Física,3,7.5,22.5,14.4,8.1
TX-1524,2026-08-24,Monday,Detergente Opal 1kg,Limpieza,Tienda Física,4,12.0,48.0,32.8,15.2
TX-1525,2026-08-24,Monday,Cerveza Cusqueña 6pack,Bebidas,Delivery / App,5,34.0,170.0,120.0,50.0
TX-1526,2026-08-24,Monday,Cerveza Cusqueña 6pack,Bebidas,Delivery / App,3,34.0,102.0,72.0,30.0
TX-1527,2026-08-24,Monday,Leche Gloria 400g,Lácteos,Tienda Física,1,4.2,4.2,3.1,1.1
TX-1528,2026-08-24,Monday,Leche Gloria 400g,Lácteos,Tienda Física,1,4.2,4.2,3.1,1.1
TX-1529,2026-08-24,Monday,Detergente Opal 1kg,Limpieza,Tienda Física,2,12.0,24.0,16.4,7.6
TX-1530,2026-08-24,Monday,Pollo Entero kg,Carnes/Frescos,WhatsApp,1,9.8,9.8,6.9,2.9
TX-1531,2026-08-24,Monday,Inca Kola 1.5L,Bebidas,Yape / Plin,2,7.5,15.0,9.6,5.4
TX-1532,2026-08-24,Monday,Pollo Entero kg,Carnes/Frescos,Delivery / App,3,9.8,29.4,20.7,8.7
TX-1533,2026-08-24,Monday,Detergente Opal 1kg,Limpieza,Yape / Plin,1,12.0,12.0,8.2,3.8
TX-1534,2026-08-24,Monday,Cerveza Cusqueña 6pack,Bebidas,Yape / Plin,3,34.0,102.0,72.0,30.0
TX-1535,2026-08-24,Monday,Inca Kola 1.5L,Bebidas,Yape / Plin,3,7.5,22.5,14.4,8.1
TX-1536,2026-08-25,Tuesday,Cerveza Cusqueña 6pack,Bebidas,Delivery / App,4,34.0,136.0,96.0,40.0
TX-1537,2026-08-25,Tuesday,Inca Kola 1.5L,Bebidas,Tienda Física,1,7.5,7.5,4.8,2.7
TX-1538,2026-08-25,Tuesday,Galletas Soda Field,Snacks,WhatsApp,1,2.5,2.5,1.4,1.1
TX-1539,2026-08-25,Tuesday,Inca Kola 1.5L,Bebidas,WhatsApp,4,7.5,30.0,19.2,10.8
TX-1540,2026-08-25,Tuesday,Pollo Entero kg,Carnes/Frescos,Tienda Física,1,9.8,9.8,6.9,2.9
TX-1541,2026-08-25,Tuesday,Detergente Opal 1kg,Limpieza,Tienda Física,5,12.0,60.0,41.0,19.0
TX-1542,2026-08-25,Tuesday,Pollo Entero kg,Carnes/Frescos,Delivery / App,3,9.8,29.4,20.7,8.7
TX-1543,2026-08-25,Tuesday,Arroz Costeño 5kg,Abarrotes,Tienda Física,5,24.5,122.5,90.0,32.5
TX-1544,2026-08-25,Tuesday,Pollo Entero kg,Carnes/Frescos,Tienda Física,2,9.8,19.6,13.8,5.8
TX-1545,2026-08-25,Tuesday,Galletas Soda Field,Snacks,WhatsApp,3,2.5,7.5,4.2,3.3
TX-1546,2026-08-25,Tuesday,Arroz Costeño 5kg,Abarrotes,Yape / Plin,4,24.5,98.0,72.0,26.0
TX-1547,2026-08-25,Tuesday,Pollo Entero kg,Carnes/Frescos,Tienda Física,3,9.8,29.4,20.7,8.7
TX-1548,2026-08-25,Tuesday,Pollo Entero kg,Carnes/Frescos,Tienda Física,1,9.8,9.8,6.9,2.9
TX-1549,2026-08-25,Tuesday,Arroz Costeño 5kg,Abarrotes,WhatsApp,4,24.5,98.0,72.0,26.0
TX-1550,2026-08-25,Tuesday,Aceite Primor 1L,Abarrotes,Tienda Física,2,11.5,23.0,17.0,6.0
TX-1551,2026-08-25,Tuesday,Aceite Primor 1L,Abarrotes,Tienda Física,1,11.5,11.5,8.5,3.0
TX-1552,2026-08-25,Tuesday,Cerveza Cusqueña 6pack,Bebidas,Yape / Plin,1,34.0,34.0,24.0,10.0
TX-1553,2026-08-25,Tuesday,Aceite Primor 1L,Abarrotes,Delivery / App,2,11.5,23.0,17.0,6.0
TX-1554,2026-08-25,Tuesday,Aceite Primor 1L,Abarrotes,Yape / Plin,2,11.5,23.0,17.0,6.0
TX-1555,2026-08-25,Tuesday,Aceite Primor 1L,Abarrotes,Tienda Física,2,11.5,23.0,17.0,6.0
TX-1556,2026-08-25,Tuesday,Arroz Costeño 5kg,Abarrotes,Tienda Física,3,24.5,73.5,54.0,19.5
TX-1557,2026-08-25,Tuesday,Leche Gloria 400g,Lácteos,Delivery / App,1,4.2,4.2,3.1,1.1
TX-1558,2026-08-25,Tuesday,Galletas Soda Field,Snacks,WhatsApp,1,2.5,2.5,1.4,1.1
TX-1559,2026-08-26,Wednesday,Pollo Entero kg,Carnes/Frescos,WhatsApp,2,9.8,19.6,13.8,5.8
TX-1560,2026-08-26,Wednesday,Inca Kola 1.5L,Bebidas,Tienda Física,3,7.5,22.5,14.4,8.1
TX-1561,2026-08-26,Wednesday,Leche Gloria 400g,Lácteos,WhatsApp,4,4.2,16.8,12.4,4.4
TX-1562,2026-08-26,Wednesday,Detergente Opal 1kg,Limpieza,Yape / Plin,2,12.0,24.0,16.4,7.6
TX-1563,2026-08-26,Wednesday,Galletas Soda Field,Snacks,Tienda Física,3,2.5,7.5,4.2,3.3
TX-1564,2026-08-26,Wednesday,Inca Kola 1.5L,Bebidas,Tienda Física,2,7.5,15.0,9.6,5.4
TX-1565,2026-08-26,Wednesday,Aceite Primor 1L,Abarrotes,Tienda Física,4,11.5,46.0,34.0,12.0
TX-1566,2026-08-26,Wednesday,Cerveza Cusqueña 6pack,Bebidas,Yape / Plin,1,34.0,34.0,24.0,10.0
TX-1567,2026-08-26,Wednesday,Aceite Primor 1L,Abarrotes,Delivery / App,3,11.5,34.5,25.5,9.0
TX-1568,2026-08-26,Wednesday,Inca Kola 1.5L,Bebidas,Tienda Física,5,7.5,37.5,24.0,13.5
TX-1569,2026-08-26,Wednesday,Galletas Soda Field,Snacks,WhatsApp,5,2.5,12.5,7.0,5.5
TX-1570,2026-08-26,Wednesday,Leche Gloria 400g,Lácteos,WhatsApp,4,4.2,16.8,12.4,4.4
TX-1571,2026-08-26,Wednesday,Aceite Primor 1L,Abarrotes,Tienda Física,3,11.5,34.5,25.5,9.0
TX-1572,2026-08-26,Wednesday,Pollo Entero kg,Carnes/Frescos,Tienda Física,1,9.8,9.8,6.9,2.9
TX-1573,2026-08-26,Wednesday,Inca Kola 1.5L,Bebidas,Tienda Física,2,7.5,15.0,9.6,5.4
TX-1574,2026-08-26,Wednesday,Cerveza Cusqueña 6pack,Bebidas,Tienda Física,5,34.0,170.0,120.0,50.0
TX-1575,2026-08-26,Wednesday,Galletas Soda Field,Snacks,Yape / Plin,1,2.5,2.5,1.4,1.1
TX-1576,2026-08-26,Wednesday,Arroz Costeño 5kg,Abarrotes,WhatsApp,5,24.5,122.5,90.0,32.5
TX-1577,2026-08-26,Wednesday,Cerveza Cusqueña 6pack,Bebidas,WhatsApp,4,34.0,136.0,96.0,40.0
TX-1578,2026-08-27,Thursday,Inca Kola 1.5L,Bebidas,Tienda Física,4,7.5,30.0,19.2,10.8
TX-1579,2026-08-27,Thursday,Aceite Primor 1L,Abarrotes,Tienda Física,1,11.5,11.5,8.5,3.0
TX-1580,2026-08-27,Thursday,Arroz Costeño 5kg,Abarrotes,Tienda Física,4,24.5,98.0,72.0,26.0
TX-1581,2026-08-27,Thursday,Aceite Primor 1L,Abarrotes,Yape / Plin,4,11.5,46.0,34.0,12.0
TX-1582,2026-08-27,Thursday,Aceite Primor 1L,Abarrotes,Tienda Física,4,11.5,46.0,34.0,12.0
TX-1583,2026-08-27,Thursday,Aceite Primor 1L,Abarrotes,WhatsApp,3,11.5,34.5,25.5,9.0
TX-1584,2026-08-27,Thursday,Detergente Opal 1kg,Limpieza,Tienda Física,5,12.0,60.0,41.0,19.0
TX-1585,2026-08-27,Thursday,Cerveza Cusqueña 6pack,Bebidas,WhatsApp,2,34.0,68.0,48.0,20.0
TX-1586,2026-08-27,Thursday,Galletas Soda Field,Snacks,Tienda Física,1,2.5,2.5,1.4,1.1
TX-1587,2026-08-27,Thursday,Pollo Entero kg,Carnes/Frescos,Delivery / App,4,9.8,39.2,27.6,11.6
TX-1588,2026-08-27,Thursday,Galletas Soda Field,Snacks,Tienda Física,2,2.5,5.0,2.8,2.2
TX-1589,2026-08-27,Thursday,Detergente Opal 1kg,Limpieza,Tienda Física,2,12.0,24.0,16.4,7.6
TX-1590,2026-08-27,Thursday,Cerveza Cusqueña 6pack,Bebidas,Tienda Física,5,34.0,170.0,120.0,50.0
TX-1591,2026-08-27,Thursday,Detergente Opal 1kg,Limpieza,Tienda Física,4,12.0,48.0,32.8,15.2
TX-1592,2026-08-27,Thursday,Detergente Opal 1kg,Limpieza,WhatsApp,1,12.0,12.0,8.2,3.8
TX-1593,2026-08-27,Thursday,Galletas Soda Field,Snacks,Tienda Física,1,2.5,2.5,1.4,1.1
TX-1594,2026-08-27,Thursday,Arroz Costeño 5kg,Abarrotes,Tienda Física,4,24.5,98.0,72.0,26.0
TX-1595,2026-08-27,Thursday,Cerveza Cusqueña 6pack,Bebidas,Tienda Física,5,34.0,170.0,120.0,50.0
TX-1596,2026-08-27,Thursday,Pollo Entero kg,Carnes/Frescos,Tienda Física,4,9.8,39.2,27.6,11.6
TX-1597,2026-08-27,Thursday,Cerveza Cusqueña 6pack,Bebidas,Yape / Plin,3,34.0,102.0,72.0,30.0
TX-1598,2026-08-27,Thursday,Detergente Opal 1kg,Limpieza,Tienda Física,2,12.0,24.0,16.4,7.6
TX-1599,2026-08-27,Thursday,Inca Kola 1.5L,Bebidas,Tienda Física,1,7.5,7.5,4.8,2.7
TX-1600,2026-08-27,Thursday,Inca Kola 1.5L,Bebidas,Delivery / App,3,7.5,22.5,14.4,8.1
TX-1601,2026-08-28,Friday,Cerveza Cusqueña 6pack,Bebidas,Tienda Física,5,34.0,170.0,120.0,50.0
TX-1602,2026-08-28,Friday,Arroz Costeño 5kg,Abarrotes,WhatsApp,1,24.5,24.5,18.0,6.5
TX-1603,2026-08-28,Friday,Pollo Entero kg,Carnes/Frescos,Yape / Plin,4,9.8,39.2,27.6,11.6
TX-1604,2026-08-28,Friday,Detergente Opal 1kg,Limpieza,Tienda Física,4,12.0,48.0,32.8,15.2
TX-1605,2026-08-28,Friday,Inca Kola 1.5L,Bebidas,Delivery / App,2,7.5,15.0,9.6,5.4
TX-1606,2026-08-28,Friday,Arroz Costeño 5kg,Abarrotes,Delivery / App,5,24.5,122.5,90.0,32.5
TX-1607,2026-08-28,Friday,Cerveza Cusqueña 6pack,Bebidas,Tienda Física,1,34.0,34.0,24.0,10.0
TX-1608,2026-08-28,Friday,Detergente Opal 1kg,Limpieza,Delivery / App,5,12.0,60.0,41.0,19.0
TX-1609,2026-08-28,Friday,Cerveza Cusqueña 6pack,Bebidas,Tienda Física,1,34.0,34.0,24.0,10.0
TX-1610,2026-08-28,Friday,Detergente Opal 1kg,Limpieza,Tienda Física,4,12.0,48.0,32.8,15.2
TX-1611,2026-08-28,Friday,Cerveza Cusqueña 6pack,Bebidas,Delivery / App,2,34.0,68.0,48.0,20.0
TX-1612,2026-08-28,Friday,Leche Gloria 400g,Lácteos,Tienda Física,2,4.2,8.4,6.2,2.2
TX-1613,2026-08-28,Friday,Cerveza Cusqueña 6pack,Bebidas,WhatsApp,1,34.0,34.0,24.0,10.0
TX-1614,2026-08-28,Friday,Pollo Entero kg,Carnes/Frescos,Tienda Física,3,9.8,29.4,20.7,8.7
TX-1615,2026-08-28,Friday,Inca Kola 1.5L,Bebidas,Tienda Física,4,7.5,30.0,19.2,10.8
TX-1616,2026-08-28,Friday,Detergente Opal 1kg,Limpieza,Tienda Física,5,12.0,60.0,41.0,19.0
TX-1617,2026-08-28,Friday,Aceite Primor 1L,Abarrotes,WhatsApp,2,11.5,23.0,17.0,6.0
TX-1618,2026-08-28,Friday,Pollo Entero kg,Carnes/Frescos,Tienda Física,2,9.8,19.6,13.8,5.8
TX-1619,2026-08-28,Friday,Galletas Soda Field,Snacks,Tienda Física,5,2.5,12.5,7.0,5.5
TX-1620,2026-08-28,Friday,Cerveza Cusqueña 6pack,Bebidas,WhatsApp,2,34.0,68.0,48.0,20.0
TX-1621,2026-08-28,Friday,Galletas Soda Field,Snacks,Tienda Física,2,2.5,5.0,2.8,2.2
TX-1622,2026-08-28,Friday,Detergente Opal 1kg,Limpieza,Tienda Física,2,12.0,24.0,16.4,7.6
TX-1623,2026-08-28,Friday,Aceite Primor 1L,Abarrotes,Tienda Física,1,11.5,11.5,8.5,3.0
TX-1624,2026-08-28,Friday,Pollo Entero kg,Carnes/Frescos,WhatsApp,1,9.8,9.8,6.9,2.9
TX-1625,2026-08-28,Friday,Arroz Costeño 5kg,Abarrotes,Tienda Física,1,24.5,24.5,18.0,6.5
TX-1626,2026-08-28,Friday,Pollo Entero kg,Carnes/Frescos,WhatsApp,5,9.8,49.0,34.5,14.5
TX-1627,2026-08-28,Friday,Arroz Costeño 5kg,Abarrotes,Tienda Física,2,24.5,49.0,36.0,13.0
TX-1628,2026-08-28,Friday,Aceite Primor 1L,Abarrotes,WhatsApp,2,11.5,23.0,17.0,6.0
TX-1629,2026-08-28,Friday,Galletas Soda Field,Snacks,Yape / Plin,1,2.5,2.5,1.4,1.1
TX-1630,2026-08-28,Friday,Arroz Costeño 5kg,Abarrotes,Yape / Plin,5,24.5,122.5,90.0,32.5
TX-1631,2026-08-28,Friday,Cerveza Cusqueña 6pack,Bebidas,Tienda Física,1,34.0,34.0,24.0,10.0
TX-1632,2026-08-28,Friday,Aceite Primor 1L,Abarrotes,Yape / Plin,5,11.5,57.5,42.5,15.0
TX-1633,2026-08-29,Saturday,Detergente Opal 1kg,Limpieza,Yape / Plin,3,12.0,36.0,24.6,11.4
TX-1634,2026-08-29,Saturday,Aceite Primor 1L,Abarrotes,Yape / Plin,5,11.5,57.5,42.5,15.0
TX-1635,2026-08-29,Saturday,Leche Gloria 400g,Lácteos,Yape / Plin,5,4.2,21.0,15.5,5.5
TX-1636,2026-08-29,Saturday,Pollo Entero kg,Carnes/Frescos,Tienda Física,1,9.8,9.8,6.9,2.9
TX-1637,2026-08-29,Saturday,Arroz Costeño 5kg,Abarrotes,WhatsApp,4,24.5,98.0,72.0,26.0
TX-1638,2026-08-29,Saturday,Galletas Soda Field,Snacks,Tienda Física,5,2.5,12.5,7.0,5.5
TX-1639,2026-08-29,Saturday,Cerveza Cusqueña 6pack,Bebidas,WhatsApp,1,34.0,34.0,24.0,10.0
TX-1640,2026-08-29,Saturday,Pollo Entero kg,Carnes/Frescos,Tienda Física,1,9.8,9.8,6.9,2.9
TX-1641,2026-08-29,Saturday,Detergente Opal 1kg,Limpieza,WhatsApp,2,12.0,24.0,16.4,7.6
TX-1642,2026-08-29,Saturday,Pollo Entero kg,Carnes/Frescos,Yape / Plin,2,9.8,19.6,13.8,5.8
TX-1643,2026-08-29,Saturday,Arroz Costeño 5kg,Abarrotes,Tienda Física,3,24.5,73.5,54.0,19.5
TX-1644,2026-08-29,Saturday,Pollo Entero kg,Carnes/Frescos,Tienda Física,2,9.8,19.6,13.8,5.8
TX-1645,2026-08-29,Saturday,Cerveza Cusqueña 6pack,Bebidas,Tienda Física,5,34.0,170.0,120.0,50.0
TX-1646,2026-08-29,Saturday,Inca Kola 1.5L,Bebidas,Tienda Física,5,7.5,37.5,24.0,13.5
TX-1647,2026-08-29,Saturday,Cerveza Cusqueña 6pack,Bebidas,Tienda Física,4,34.0,136.0,96.0,40.0
TX-1648,2026-08-29,Saturday,Leche Gloria 400g,Lácteos,WhatsApp,2,4.2,8.4,6.2,2.2
TX-1649,2026-08-29,Saturday,Leche Gloria 400g,Lácteos,Yape / Plin,5,4.2,21.0,15.5,5.5
TX-1650,2026-08-29,Saturday,Leche Gloria 400g,Lácteos,Yape / Plin,5,4.2,21.0,15.5,5.5
TX-1651,2026-08-29,Saturday,Arroz Costeño 5kg,Abarrotes,Delivery / App,4,24.5,98.0,72.0,26.0
TX-1652,2026-08-29,Saturday,Galletas Soda Field,Snacks,Delivery / App,4,2.5,10.0,5.6,4.4
TX-1653,2026-08-29,Saturday,Detergente Opal 1kg,Limpieza,Tienda Física,3,12.0,36.0,24.6,11.4
TX-1654,2026-08-29,Saturday,Cerveza Cusqueña 6pack,Bebidas,Tienda Física,4,34.0,136.0,96.0,40.0
TX-1655,2026-08-29,Saturday,Inca Kola 1.5L,Bebidas,Delivery / App,3,7.5,22.5,14.4,8.1
TX-1656,2026-08-29,Saturday,Inca Kola 1.5L,Bebidas,WhatsApp,3,7.5,22.5,14.4,8.1
TX-1657,2026-08-29,Saturday,Aceite Primor 1L,Abarrotes,WhatsApp,4,11.5,46.0,34.0,12.0
TX-1658,2026-08-30,Sunday,Arroz Costeño 5kg,Abarrotes,Tienda Física,5,24.5,122.5,90.0,32.5
TX-1659,2026-08-30,Sunday,Arroz Costeño 5kg,Abarrotes,Tienda Física,3,24.5,73.5,54.0,19.5
TX-1660,2026-08-30,Sunday,Inca Kola 1.5L,Bebidas,Yape / Plin,2,7.5,15.0,9.6,5.4
TX-1661,2026-08-30,Sunday,Galletas Soda Field,Snacks,WhatsApp,1,2.5,2.5,1.4,1.1
TX-1662,2026-08-30,Sunday,Aceite Primor 1L,Abarrotes,Tienda Física,4,11.5,46.0,34.0,12.0
TX-1663,2026-08-30,Sunday,Detergente Opal 1kg,Limpieza,Tienda Física,1,12.0,12.0,8.2,3.8
TX-1664,2026-08-30,Sunday,Cerveza Cusqueña 6pack,Bebidas,Tienda Física,2,34.0,68.0,48.0,20.0
TX-1665,2026-08-30,Sunday,Cerveza Cusqueña 6pack,Bebidas,Yape / Plin,5,34.0,170.0,120.0,50.0
TX-1666,2026-08-30,Sunday,Arroz Costeño 5kg,Abarrotes,Tienda Física,2,24.5,49.0,36.0,13.0
TX-1667,2026-08-30,Sunday,Aceite Primor 1L,Abarrotes,Tienda Física,2,11.5,23.0,17.0,6.0
TX-1668,2026-08-30,Sunday,Aceite Primor 1L,Abarrotes,Tienda Física,1,11.5,11.5,8.5,3.0
TX-1669,2026-08-30,Sunday,Cerveza Cusqueña 6pack,Bebidas,Tienda Física,4,34.0,136.0,96.0,40.0
TX-1670,2026-08-30,Sunday,Leche Gloria 400g,Lácteos,Tienda Física,4,4.2,16.8,12.4,4.4
TX-1671,2026-08-30,Sunday,Aceite Primor 1L,Abarrotes,Tienda Física,1,11.5,11.5,8.5,3.0
TX-1672,2026-08-30,Sunday,Inca Kola 1.5L,Bebidas,Tienda Física,2,7.5,15.0,9.6,5.4
TX-1673,2026-08-30,Sunday,Aceite Primor 1L,Abarrotes,Tienda Física,5,11.5,57.5,42.5,15.0
TX-1674,2026-08-30,Sunday,Leche Gloria 400g,Lácteos,Yape / Plin,4,4.2,16.8,12.4,4.4
TX-1675,2026-08-30,Sunday,Galletas Soda Field,Snacks,Tienda Física,5,2.5,12.5,7.0,5.5
TX-1676,2026-08-30,Sunday,Pollo Entero kg,Carnes/Frescos,WhatsApp,5,9.8,49.0,34.5,14.5
TX-1677,2026-08-30,Sunday,Inca Kola 1.5L,Bebidas,Tienda Física,3,7.5,22.5,14.4,8.1
TX-1678,2026-08-30,Sunday,Detergente Opal 1kg,Limpieza,WhatsApp,5,12.0,60.0,41.0,19.0
TX-1679,2026-08-30,Sunday,Detergente Opal 1kg,Limpieza,Delivery / App,1,12.0,12.0,8.2,3.8
TX-1680,2026-08-30,Sunday,Leche Gloria 400g,Lácteos,WhatsApp,5,4.2,21.0,15.5,5.5
TX-1681,2026-08-31,Monday,Detergente Opal 1kg,Limpieza,WhatsApp,5,12.0,60.0,41.0,19.0
TX-1682,2026-08-31,Monday,Arroz Costeño 5kg,Abarrotes,Delivery / App,3,24.5,73.5,54.0,19.5
TX-1683,2026-08-31,Monday,Inca Kola 1.5L,Bebidas,WhatsApp,3,7.5,22.5,14.4,8.1
TX-1684,2026-08-31,Monday,Detergente Opal 1kg,Limpieza,Delivery / App,2,12.0,24.0,16.4,7.6
TX-1685,2026-08-31,Monday,Cerveza Cusqueña 6pack,Bebidas,Tienda Física,4,34.0,136.0,96.0,40.0
TX-1686,2026-08-31,Monday,Arroz Costeño 5kg,Abarrotes,Tienda Física,4,24.5,98.0,72.0,26.0
TX-1687,2026-08-31,Monday,Pollo Entero kg,Carnes/Frescos,Tienda Física,1,9.8,9.8,6.9,2.9
TX-1688,2026-08-31,Monday,Arroz Costeño 5kg,Abarrotes,Tienda Física,4,24.5,98.0,72.0,26.0
TX-1689,2026-08-31,Monday,Inca Kola 1.5L,Bebidas,WhatsApp,2,7.5,15.0,9.6,5.4
TX-1690,2026-08-31,Monday,Inca Kola 1.5L,Bebidas,WhatsApp,3,7.5,22.5,14.4,8.1
TX-1691,2026-08-31,Monday,Pollo Entero kg,Carnes/Frescos,WhatsApp,2,9.8,19.6,13.8,5.8
TX-1692,2026-08-31,Monday,Inca Kola 1.5L,Bebidas,Tienda Física,5,7.5,37.5,24.0,13.5
TX-1693,2026-08-31,Monday,Detergente Opal 1kg,Limpieza,Delivery / App,2,12.0,24.0,16.4,7.6
TX-1694,2026-08-31,Monday,Aceite Primor 1L,Abarrotes,Delivery / App,1,11.5,11.5,8.5,3.0
TX-1695,2026-08-31,Monday,Galletas Soda Field,Snacks,Tienda Física,4,2.5,10.0,5.6,4.4
TX-1696,2026-08-31,Monday,Inca Kola 1.5L,Bebidas,Delivery / App,2,7.5,15.0,9.6,5.4
TX-1697,2026-08-31,Monday,Cerveza Cusqueña 6pack,Bebidas,WhatsApp,5,34.0,170.0,120.0,50.0
TX-1698,2026-08-31,Monday,Arroz Costeño 5kg,Abarrotes,Tienda Física,2,24.5,49.0,36.0,13.0
TX-1699,2026-08-31,Monday,Arroz Costeño 5kg,Abarrotes,Tienda Física,4,24.5,98.0,72.0,26.0
TX-1700,2026-08-31,Monday,Inca Kola 1.5L,Bebidas,Tienda Física,4,7.5,30.0,19.2,10.8
TX-1701,2026-08-31,Monday,Detergente Opal 1kg,Limpieza,Tienda Física,5,12.0,60.0,41.0,19.0
TX-1702,2026-09-01,Tuesday,Pollo Entero kg,Carnes/Frescos,WhatsApp,5,9.8,49.0,34.5,14.5
TX-1703,2026-09-01,Tuesday,Pollo Entero kg,Carnes/Frescos,Tienda Física,4,9.8,39.2,27.6,11.6
TX-1704,2026-09-01,Tuesday,Detergente Opal 1kg,Limpieza,Tienda Física,5,12.0,60.0,41.0,19.0
TX-1705,2026-09-01,Tuesday,Detergente Opal 1kg,Limpieza,Yape / Plin,2,12.0,24.0,16.4,7.6
TX-1706,2026-09-01,Tuesday,Pollo Entero kg,Carnes/Frescos,WhatsApp,1,9.8,9.8,6.9,2.9
TX-1707,2026-09-01,Tuesday,Inca Kola 1.5L,Bebidas,WhatsApp,4,7.5,30.0,19.2,10.8
TX-1708,2026-09-01,Tuesday,Detergente Opal 1kg,Limpieza,Tienda Física,4,12.0,48.0,32.8,15.2
TX-1709,2026-09-01,Tuesday,Aceite Primor 1L,Abarrotes,Tienda Física,5,11.5,57.5,42.5,15.0
TX-1710,2026-09-01,Tuesday,Cerveza Cusqueña 6pack,Bebidas,Delivery / App,2,34.0,68.0,48.0,20.0
TX-1711,2026-09-01,Tuesday,Arroz Costeño 5kg,Abarrotes,Tienda Física,1,24.5,24.5,18.0,6.5
TX-1712,2026-09-01,Tuesday,Inca Kola 1.5L,Bebidas,WhatsApp,2,7.5,15.0,9.6,5.4
TX-1713,2026-09-01,Tuesday,Galletas Soda Field,Snacks,Yape / Plin,3,2.5,7.5,4.2,3.3
TX-1714,2026-09-01,Tuesday,Galletas Soda Field,Snacks,Yape / Plin,4,2.5,10.0,5.6,4.4
TX-1715,2026-09-01,Tuesday,Aceite Primor 1L,Abarrotes,Delivery / App,4,11.5,46.0,34.0,12.0
TX-1716,2026-09-02,Wednesday,Detergente Opal 1kg,Limpieza,WhatsApp,2,12.0,24.0,16.4,7.6
TX-1717,2026-09-02,Wednesday,Detergente Opal 1kg,Limpieza,Yape / Plin,2,12.0,24.0,16.4,7.6
TX-1718,2026-09-02,Wednesday,Detergente Opal 1kg,Limpieza,Yape / Plin,3,12.0,36.0,24.6,11.4
TX-1719,2026-09-02,Wednesday,Inca Kola 1.5L,Bebidas,Tienda Física,1,7.5,7.5,4.8,2.7
TX-1720,2026-09-02,Wednesday,Leche Gloria 400g,Lácteos,Tienda Física,2,4.2,8.4,6.2,2.2
TX-1721,2026-09-02,Wednesday,Leche Gloria 400g,Lácteos,Delivery / App,2,4.2,8.4,6.2,2.2
TX-1722,2026-09-02,Wednesday,Aceite Primor 1L,Abarrotes,Yape / Plin,2,11.5,23.0,17.0,6.0
TX-1723,2026-09-02,Wednesday,Arroz Costeño 5kg,Abarrotes,Yape / Plin,5,24.5,122.5,90.0,32.5
TX-1724,2026-09-02,Wednesday,Inca Kola 1.5L,Bebidas,WhatsApp,1,7.5,7.5,4.8,2.7
TX-1725,2026-09-02,Wednesday,Detergente Opal 1kg,Limpieza,Tienda Física,5,12.0,60.0,41.0,19.0
TX-1726,2026-09-02,Wednesday,Leche Gloria 400g,Lácteos,Yape / Plin,1,4.2,4.2,3.1,1.1
TX-1727,2026-09-02,Wednesday,Cerveza Cusqueña 6pack,Bebidas,Tienda Física,5,34.0,170.0,120.0,50.0
TX-1728,2026-09-02,Wednesday,Cerveza Cusqueña 6pack,Bebidas,Tienda Física,2,34.0,68.0,48.0,20.0
TX-1729,2026-09-02,Wednesday,Galletas Soda Field,Snacks,Tienda Física,4,2.5,10.0,5.6,4.4
TX-1730,2026-09-02,Wednesday,Inca Kola 1.5L,Bebidas,Tienda Física,4,7.5,30.0,19.2,10.8
TX-1731,2026-09-02,Wednesday,Detergente Opal 1kg,Limpieza,Tienda Física,4,12.0,48.0,32.8,15.2
TX-1732,2026-09-02,Wednesday,Inca Kola 1.5L,Bebidas,Tienda Física,5,7.5,37.5,24.0,13.5
TX-1733,2026-09-02,Wednesday,Aceite Primor 1L,Abarrotes,Tienda Física,4,11.5,46.0,34.0,12.0
TX-1734,2026-09-02,Wednesday,Galletas Soda Field,Snacks,WhatsApp,3,2.5,7.5,4.2,3.3
TX-1735,2026-09-02,Wednesday,Aceite Primor 1L,Abarrotes,Tienda Física,2,11.5,23.0,17.0,6.0
TX-1736,2026-09-02,Wednesday,Detergente Opal 1kg,Limpieza,Yape / Plin,3,12.0,36.0,24.6,11.4
TX-1737,2026-09-03,Thursday,Galletas Soda Field,Snacks,Tienda Física,1,2.5,2.5,1.4,1.1
TX-1738,2026-09-03,Thursday,Arroz Costeño 5kg,Abarrotes,Tienda Física,3,24.5,73.5,54.0,19.5
TX-1739,2026-09-03,Thursday,Inca Kola 1.5L,Bebidas,Tienda Física,3,7.5,22.5,14.4,8.1
TX-1740,2026-09-03,Thursday,Pollo Entero kg,Carnes/Frescos,WhatsApp,4,9.8,39.2,27.6,11.6
TX-1741,2026-09-03,Thursday,Inca Kola 1.5L,Bebidas,Tienda Física,1,7.5,7.5,4.8,2.7
TX-1742,2026-09-03,Thursday,Inca Kola 1.5L,Bebidas,Tienda Física,4,7.5,30.0,19.2,10.8
TX-1743,2026-09-03,Thursday,Inca Kola 1.5L,Bebidas,Yape / Plin,4,7.5,30.0,19.2,10.8
TX-1744,2026-09-03,Thursday,Aceite Primor 1L,Abarrotes,Yape / Plin,5,11.5,57.5,42.5,15.0
TX-1745,2026-09-03,Thursday,Detergente Opal 1kg,Limpieza,Tienda Física,5,12.0,60.0,41.0,19.0
TX-1746,2026-09-03,Thursday,Leche Gloria 400g,Lácteos,Tienda Física,4,4.2,16.8,12.4,4.4
TX-1747,2026-09-03,Thursday,Galletas Soda Field,Snacks,Tienda Física,5,2.5,12.5,7.0,5.5
TX-1748,2026-09-03,Thursday,Cerveza Cusqueña 6pack,Bebidas,Tienda Física,2,34.0,68.0,48.0,20.0
TX-1749,2026-09-03,Thursday,Cerveza Cusqueña 6pack,Bebidas,Yape / Plin,5,34.0,170.0,120.0,50.0
TX-1750,2026-09-03,Thursday,Aceite Primor 1L,Abarrotes,Tienda Física,5,11.5,57.5,42.5,15.0
TX-1751,2026-09-03,Thursday,Cerveza Cusqueña 6pack,Bebidas,Tienda Física,2,34.0,68.0,48.0,20.0
TX-1752,2026-09-03,Thursday,Cerveza Cusqueña 6pack,Bebidas,Yape / Plin,5,34.0,170.0,120.0,50.0
TX-1753,2026-09-03,Thursday,Cerveza Cusqueña 6pack,Bebidas,Tienda Física,4,34.0,136.0,96.0,40.0
TX-1754,2026-09-03,Thursday,Arroz Costeño 5kg,Abarrotes,WhatsApp,4,24.5,98.0,72.0,26.0
TX-1755,2026-09-03,Thursday,Cerveza Cusqueña 6pack,Bebidas,Tienda Física,4,34.0,136.0,96.0,40.0
TX-1756,2026-09-04,Friday,Aceite Primor 1L,Abarrotes,Tienda Física,4,11.5,46.0,34.0,12.0
TX-1757,2026-09-04,Friday,Aceite Primor 1L,Abarrotes,Tienda Física,3,11.5,34.5,25.5,9.0
TX-1758,2026-09-04,Friday,Inca Kola 1.5L,Bebidas,Tienda Física,5,7.5,37.5,24.0,13.5
TX-1759,2026-09-04,Friday,Cerveza Cusqueña 6pack,Bebidas,Yape / Plin,2,34.0,68.0,48.0,20.0
TX-1760,2026-09-04,Friday,Arroz Costeño 5kg,Abarrotes,WhatsApp,1,24.5,24.5,18.0,6.5
TX-1761,2026-09-04,Friday,Arroz Costeño 5kg,Abarrotes,Yape / Plin,1,24.5,24.5,18.0,6.5
TX-1762,2026-09-04,Friday,Pollo Entero kg,Carnes/Frescos,Tienda Física,5,9.8,49.0,34.5,14.5
TX-1763,2026-09-04,Friday,Aceite Primor 1L,Abarrotes,Tienda Física,2,11.5,23.0,17.0,6.0
TX-1764,2026-09-04,Friday,Pollo Entero kg,Carnes/Frescos,Yape / Plin,5,9.8,49.0,34.5,14.5
TX-1765,2026-09-04,Friday,Galletas Soda Field,Snacks,Tienda Física,2,2.5,5.0,2.8,2.2
TX-1766,2026-09-04,Friday,Detergente Opal 1kg,Limpieza,WhatsApp,1,12.0,12.0,8.2,3.8
TX-1767,2026-09-04,Friday,Inca Kola 1.5L,Bebidas,Tienda Física,5,7.5,37.5,24.0,13.5
TX-1768,2026-09-04,Friday,Pollo Entero kg,Carnes/Frescos,Tienda Física,4,9.8,39.2,27.6,11.6
TX-1769,2026-09-04,Friday,Cerveza Cusqueña 6pack,Bebidas,Tienda Física,5,34.0,170.0,120.0,50.0
TX-1770,2026-09-04,Friday,Galletas Soda Field,Snacks,WhatsApp,3,2.5,7.5,4.2,3.3
TX-1771,2026-09-04,Friday,Leche Gloria 400g,Lácteos,Tienda Física,3,4.2,12.6,9.3,3.3
TX-1772,2026-09-04,Friday,Cerveza Cusqueña 6pack,Bebidas,WhatsApp,4,34.0,136.0,96.0,40.0
TX-1773,2026-09-04,Friday,Aceite Primor 1L,Abarrotes,Tienda Física,4,11.5,46.0,34.0,12.0
TX-1774,2026-09-04,Friday,Galletas Soda Field,Snacks,WhatsApp,3,2.5,7.5,4.2,3.3
TX-1775,2026-09-04,Friday,Inca Kola 1.5L,Bebidas,Tienda Física,3,7.5,22.5,14.4,8.1
TX-1776,2026-09-04,Friday,Cerveza Cusqueña 6pack,Bebidas,WhatsApp,5,34.0,170.0,120.0,50.0
TX-1777,2026-09-04,Friday,Pollo Entero kg,Carnes/Frescos,Tienda Física,2,9.8,19.6,13.8,5.8
TX-1778,2026-09-04,Friday,Pollo Entero kg,Carnes/Frescos,Yape / Plin,4,9.8,39.2,27.6,11.6
TX-1779,2026-09-04,Friday,Pollo Entero kg,Carnes/Frescos,Delivery / App,1,9.8,9.8,6.9,2.9
TX-1780,2026-09-04,Friday,Galletas Soda Field,Snacks,Tienda Física,2,2.5,5.0,2.8,2.2
TX-1781,2026-09-05,Saturday,Detergente Opal 1kg,Limpieza,Yape / Plin,4,12.0,48.0,32.8,15.2
TX-1782,2026-09-05,Saturday,Arroz Costeño 5kg,Abarrotes,Tienda Física,1,24.5,24.5,18.0,6.5
TX-1783,2026-09-05,Saturday,Detergente Opal 1kg,Limpieza,Tienda Física,2,12.0,24.0,16.4,7.6
TX-1784,2026-09-05,Saturday,Inca Kola 1.5L,Bebidas,Tienda Física,4,7.5,30.0,19.2,10.8
TX-1785,2026-09-05,Saturday,Aceite Primor 1L,Abarrotes,WhatsApp,5,11.5,57.5,42.5,15.0
TX-1786,2026-09-05,Saturday,Galletas Soda Field,Snacks,Tienda Física,4,2.5,10.0,5.6,4.4
TX-1787,2026-09-05,Saturday,Aceite Primor 1L,Abarrotes,Delivery / App,1,11.5,11.5,8.5,3.0
TX-1788,2026-09-05,Saturday,Galletas Soda Field,Snacks,Tienda Física,1,2.5,2.5,1.4,1.1
TX-1789,2026-09-05,Saturday,Leche Gloria 400g,Lácteos,Tienda Física,4,4.2,16.8,12.4,4.4
TX-1790,2026-09-05,Saturday,Aceite Primor 1L,Abarrotes,Tienda Física,4,11.5,46.0,34.0,12.0
TX-1791,2026-09-05,Saturday,Cerveza Cusqueña 6pack,Bebidas,Tienda Física,4,34.0,136.0,96.0,40.0
TX-1792,2026-09-05,Saturday,Detergente Opal 1kg,Limpieza,WhatsApp,1,12.0,12.0,8.2,3.8
TX-1793,2026-09-05,Saturday,Leche Gloria 400g,Lácteos,Yape / Plin,2,4.2,8.4,6.2,2.2
TX-1794,2026-09-05,Saturday,Galletas Soda Field,Snacks,Tienda Física,1,2.5,2.5,1.4,1.1
TX-1795,2026-09-05,Saturday,Galletas Soda Field,Snacks,WhatsApp,2,2.5,5.0,2.8,2.2
TX-1796,2026-09-05,Saturday,Detergente Opal 1kg,Limpieza,Delivery / App,5,12.0,60.0,41.0,19.0
TX-1797,2026-09-05,Saturday,Detergente Opal 1kg,Limpieza,Tienda Física,4,12.0,48.0,32.8,15.2
TX-1798,2026-09-05,Saturday,Pollo Entero kg,Carnes/Frescos,Tienda Física,3,9.8,29.4,20.7,8.7
TX-1799,2026-09-05,Saturday,Inca Kola 1.5L,Bebidas,WhatsApp,5,7.5,37.5,24.0,13.5
TX-1800,2026-09-05,Saturday,Aceite Primor 1L,Abarrotes,WhatsApp,5,11.5,57.5,42.5,15.0
TX-1801,2026-09-05,Saturday,Inca Kola 1.5L,Bebidas,Delivery / App,3,7.5,22.5,14.4,8.1
TX-1802,2026-09-05,Saturday,Galletas Soda Field,Snacks,Tienda Física,3,2.5,7.5,4.2,3.3
TX-1803,2026-09-05,Saturday,Inca Kola 1.5L,Bebidas,Tienda Física,5,7.5,37.5,24.0,13.5
TX-1804,2026-09-05,Saturday,Cerveza Cusqueña 6pack,Bebidas,WhatsApp,5,34.0,170.0,120.0,50.0
TX-1805,2026-09-05,Saturday,Leche Gloria 400g,Lácteos,Tienda Física,3,4.2,12.6,9.3,3.3
TX-1806,2026-09-06,Sunday,Inca Kola 1.5L,Bebidas,Yape / Plin,1,7.5,7.5,4.8,2.7
TX-1807,2026-09-06,Sunday,Galletas Soda Field,Snacks,WhatsApp,2,2.5,5.0,2.8,2.2
TX-1808,2026-09-06,Sunday,Pollo Entero kg,Carnes/Frescos,WhatsApp,1,9.8,9.8,6.9,2.9
TX-1809,2026-09-06,Sunday,Leche Gloria 400g,Lácteos,Tienda Física,1,4.2,4.2,3.1,1.1
TX-1810,2026-09-06,Sunday,Leche Gloria 400g,Lácteos,WhatsApp,2,4.2,8.4,6.2,2.2
TX-1811,2026-09-06,Sunday,Arroz Costeño 5kg,Abarrotes,WhatsApp,2,24.5,49.0,36.0,13.0
TX-1812,2026-09-06,Sunday,Detergente Opal 1kg,Limpieza,Tienda Física,3,12.0,36.0,24.6,11.4
TX-1813,2026-09-06,Sunday,Arroz Costeño 5kg,Abarrotes,Tienda Física,5,24.5,122.5,90.0,32.5
TX-1814,2026-09-06,Sunday,Inca Kola 1.5L,Bebidas,Yape / Plin,2,7.5,15.0,9.6,5.4
TX-1815,2026-09-06,Sunday,Detergente Opal 1kg,Limpieza,WhatsApp,4,12.0,48.0,32.8,15.2
TX-1816,2026-09-06,Sunday,Detergente Opal 1kg,Limpieza,Delivery / App,1,12.0,12.0,8.2,3.8
TX-1817,2026-09-06,Sunday,Arroz Costeño 5kg,Abarrotes,Tienda Física,4,24.5,98.0,72.0,26.0
TX-1818,2026-09-06,Sunday,Leche Gloria 400g,Lácteos,Delivery / App,3,4.2,12.6,9.3,3.3
TX-1819,2026-09-06,Sunday,Inca Kola 1.5L,Bebidas,WhatsApp,5,7.5,37.5,24.0,13.5
TX-1820,2026-09-06,Sunday,Aceite Primor 1L,Abarrotes,Tienda Física,3,11.5,34.5,25.5,9.0
TX-1821,2026-09-06,Sunday,Detergente Opal 1kg,Limpieza,Tienda Física,5,12.0,60.0,41.0,19.0
TX-1822,2026-09-06,Sunday,Galletas Soda Field,Snacks,Tienda Física,5,2.5,12.5,7.0,5.5
TX-1823,2026-09-06,Sunday,Detergente Opal 1kg,Limpieza,Tienda Física,4,12.0,48.0,32.8,15.2
TX-1824,2026-09-06,Sunday,Cerveza Cusqueña 6pack,Bebidas,Tienda Física,4,34.0,136.0,96.0,40.0
TX-1825,2026-09-06,Sunday,Galletas Soda Field,Snacks,Tienda Física,4,2.5,10.0,5.6,4.4
TX-1826,2026-09-06,Sunday,Leche Gloria 400g,Lácteos,WhatsApp,5,4.2,21.0,15.5,5.5
TX-1827,2026-09-06,Sunday,Galletas Soda Field,Snacks,WhatsApp,4,2.5,10.0,5.6,4.4
TX-1828,2026-09-06,Sunday,Detergente Opal 1kg,Limpieza,WhatsApp,2,12.0,24.0,16.4,7.6
TX-1829,2026-09-06,Sunday,Leche Gloria 400g,Lácteos,Yape / Plin,4,4.2,16.8,12.4,4.4
TX-1830,2026-09-06,Sunday,Arroz Costeño 5kg,Abarrotes,Tienda Física,3,24.5,73.5,54.0,19.5
TX-1831,2026-09-06,Sunday,Cerveza Cusqueña 6pack,Bebidas,Yape / Plin,4,34.0,136.0,96.0,40.0
TX-1832,2026-09-06,Sunday,Detergente Opal 1kg,Limpieza,Yape / Plin,5,12.0,60.0,41.0,19.0
TX-1833,2026-09-06,Sunday,Pollo Entero kg,Carnes/Frescos,Tienda Física,3,9.8,29.4,20.7,8.7
TX-1834,2026-09-07,Monday,Detergente Opal 1kg,Limpieza,Tienda Física,1,12.0,12.0,8.2,3.8
TX-1835,2026-09-07,Monday,Aceite Primor 1L,Abarrotes,Tienda Física,4,11.5,46.0,34.0,12.0
TX-1836,2026-09-07,Monday,Inca Kola 1.5L,Bebidas,Yape / Plin,3,7.5,22.5,14.4,8.1
TX-1837,2026-09-07,Monday,Arroz Costeño 5kg,Abarrotes,Tienda Física,4,24.5,98.0,72.0,26.0
TX-1838,2026-09-07,Monday,Arroz Costeño 5kg,Abarrotes,WhatsApp,1,24.5,24.5,18.0,6.5
TX-1839,2026-09-07,Monday,Inca Kola 1.5L,Bebidas,WhatsApp,3,7.5,22.5,14.4,8.1
TX-1840,2026-09-07,Monday,Galletas Soda Field,Snacks,Tienda Física,4,2.5,10.0,5.6,4.4
TX-1841,2026-09-07,Monday,Arroz Costeño 5kg,Abarrotes,WhatsApp,2,24.5,49.0,36.0,13.0
TX-1842,2026-09-07,Monday,Arroz Costeño 5kg,Abarrotes,Tienda Física,4,24.5,98.0,72.0,26.0
TX-1843,2026-09-07,Monday,Aceite Primor 1L,Abarrotes,Tienda Física,3,11.5,34.5,25.5,9.0
TX-1844,2026-09-07,Monday,Arroz Costeño 5kg,Abarrotes,WhatsApp,5,24.5,122.5,90.0,32.5
TX-1845,2026-09-07,Monday,Leche Gloria 400g,Lácteos,Yape / Plin,5,4.2,21.0,15.5,5.5
TX-1846,2026-09-07,Monday,Leche Gloria 400g,Lácteos,Yape / Plin,2,4.2,8.4,6.2,2.2
TX-1847,2026-09-07,Monday,Aceite Primor 1L,Abarrotes,Tienda Física,3,11.5,34.5,25.5,9.0
TX-1848,2026-09-07,Monday,Pollo Entero kg,Carnes/Frescos,Tienda Física,5,9.8,49.0,34.5,14.5
TX-1849,2026-09-08,Tuesday,Aceite Primor 1L,Abarrotes,WhatsApp,5,11.5,57.5,42.5,15.0
TX-1850,2026-09-08,Tuesday,Aceite Primor 1L,Abarrotes,Tienda Física,4,11.5,46.0,34.0,12.0
TX-1851,2026-09-08,Tuesday,Galletas Soda Field,Snacks,Delivery / App,2,2.5,5.0,2.8,2.2
TX-1852,2026-09-08,Tuesday,Pollo Entero kg,Carnes/Frescos,Tienda Física,1,9.8,9.8,6.9,2.9
TX-1853,2026-09-08,Tuesday,Arroz Costeño 5kg,Abarrotes,Tienda Física,4,24.5,98.0,72.0,26.0
TX-1854,2026-09-08,Tuesday,Arroz Costeño 5kg,Abarrotes,WhatsApp,4,24.5,98.0,72.0,26.0
TX-1855,2026-09-08,Tuesday,Inca Kola 1.5L,Bebidas,Tienda Física,5,7.5,37.5,24.0,13.5
TX-1856,2026-09-08,Tuesday,Inca Kola 1.5L,Bebidas,Tienda Física,2,7.5,15.0,9.6,5.4
TX-1857,2026-09-08,Tuesday,Inca Kola 1.5L,Bebidas,Tienda Física,3,7.5,22.5,14.4,8.1
TX-1858,2026-09-08,Tuesday,Detergente Opal 1kg,Limpieza,Tienda Física,2,12.0,24.0,16.4,7.6
TX-1859,2026-09-08,Tuesday,Detergente Opal 1kg,Limpieza,Yape / Plin,2,12.0,24.0,16.4,7.6
TX-1860,2026-09-08,Tuesday,Detergente Opal 1kg,Limpieza,Tienda Física,4,12.0,48.0,32.8,15.2
TX-1861,2026-09-08,Tuesday,Inca Kola 1.5L,Bebidas,Tienda Física,3,7.5,22.5,14.4,8.1
TX-1862,2026-09-08,Tuesday,Aceite Primor 1L,Abarrotes,Tienda Física,3,11.5,34.5,25.5,9.0
TX-1863,2026-09-08,Tuesday,Inca Kola 1.5L,Bebidas,Tienda Física,2,7.5,15.0,9.6,5.4
TX-1864,2026-09-08,Tuesday,Galletas Soda Field,Snacks,WhatsApp,2,2.5,5.0,2.8,2.2
TX-1865,2026-09-09,Wednesday,Inca Kola 1.5L,Bebidas,Tienda Física,5,7.5,37.5,24.0,13.5
TX-1866,2026-09-09,Wednesday,Inca Kola 1.5L,Bebidas,Tienda Física,1,7.5,7.5,4.8,2.7
TX-1867,2026-09-09,Wednesday,Cerveza Cusqueña 6pack,Bebidas,Tienda Física,2,34.0,68.0,48.0,20.0
TX-1868,2026-09-09,Wednesday,Galletas Soda Field,Snacks,Tienda Física,2,2.5,5.0,2.8,2.2
TX-1869,2026-09-09,Wednesday,Arroz Costeño 5kg,Abarrotes,Tienda Física,3,24.5,73.5,54.0,19.5
TX-1870,2026-09-09,Wednesday,Cerveza Cusqueña 6pack,Bebidas,Tienda Física,4,34.0,136.0,96.0,40.0
TX-1871,2026-09-09,Wednesday,Arroz Costeño 5kg,Abarrotes,Tienda Física,1,24.5,24.5,18.0,6.5
TX-1872,2026-09-09,Wednesday,Inca Kola 1.5L,Bebidas,Tienda Física,2,7.5,15.0,9.6,5.4
TX-1873,2026-09-09,Wednesday,Detergente Opal 1kg,Limpieza,Tienda Física,1,12.0,12.0,8.2,3.8
TX-1874,2026-09-09,Wednesday,Cerveza Cusqueña 6pack,Bebidas,Yape / Plin,5,34.0,170.0,120.0,50.0
TX-1875,2026-09-09,Wednesday,Aceite Primor 1L,Abarrotes,Tienda Física,3,11.5,34.5,25.5,9.0
TX-1876,2026-09-09,Wednesday,Detergente Opal 1kg,Limpieza,Tienda Física,1,12.0,12.0,8.2,3.8
TX-1877,2026-09-09,Wednesday,Detergente Opal 1kg,Limpieza,Tienda Física,2,12.0,24.0,16.4,7.6
TX-1878,2026-09-09,Wednesday,Cerveza Cusqueña 6pack,Bebidas,Delivery / App,5,34.0,170.0,120.0,50.0
TX-1879,2026-09-09,Wednesday,Pollo Entero kg,Carnes/Frescos,WhatsApp,1,9.8,9.8,6.9,2.9
TX-1880,2026-09-09,Wednesday,Aceite Primor 1L,Abarrotes,WhatsApp,3,11.5,34.5,25.5,9.0
TX-1881,2026-09-09,Wednesday,Detergente Opal 1kg,Limpieza,Tienda Física,4,12.0,48.0,32.8,15.2
TX-1882,2026-09-09,Wednesday,Pollo Entero kg,Carnes/Frescos,Tienda Física,4,9.8,39.2,27.6,11.6
TX-1883,2026-09-09,Wednesday,Leche Gloria 400g,Lácteos,Yape / Plin,3,4.2,12.6,9.3,3.3
TX-1884,2026-09-09,Wednesday,Pollo Entero kg,Carnes/Frescos,Tienda Física,5,9.8,49.0,34.5,14.5
TX-1885,2026-09-09,Wednesday,Galletas Soda Field,Snacks,Yape / Plin,4,2.5,10.0,5.6,4.4
TX-1886,2026-09-09,Wednesday,Detergente Opal 1kg,Limpieza,WhatsApp,5,12.0,60.0,41.0,19.0
TX-1887,2026-09-10,Thursday,Inca Kola 1.5L,Bebidas,Delivery / App,3,7.5,22.5,14.4,8.1
TX-1888,2026-09-10,Thursday,Pollo Entero kg,Carnes/Frescos,Yape / Plin,2,9.8,19.6,13.8,5.8
TX-1889,2026-09-10,Thursday,Arroz Costeño 5kg,Abarrotes,Tienda Física,2,24.5,49.0,36.0,13.0
TX-1890,2026-09-10,Thursday,Detergente Opal 1kg,Limpieza,Delivery / App,3,12.0,36.0,24.6,11.4
TX-1891,2026-09-10,Thursday,Arroz Costeño 5kg,Abarrotes,Tienda Física,2,24.5,49.0,36.0,13.0
TX-1892,2026-09-10,Thursday,Detergente Opal 1kg,Limpieza,Tienda Física,4,12.0,48.0,32.8,15.2
TX-1893,2026-09-10,Thursday,Leche Gloria 400g,Lácteos,Tienda Física,2,4.2,8.4,6.2,2.2
TX-1894,2026-09-10,Thursday,Cerveza Cusqueña 6pack,Bebidas,Tienda Física,3,34.0,102.0,72.0,30.0
TX-1895,2026-09-10,Thursday,Inca Kola 1.5L,Bebidas,Tienda Física,2,7.5,15.0,9.6,5.4
TX-1896,2026-09-10,Thursday,Inca Kola 1.5L,Bebidas,Yape / Plin,4,7.5,30.0,19.2,10.8
TX-1897,2026-09-10,Thursday,Cerveza Cusqueña 6pack,Bebidas,Tienda Física,5,34.0,170.0,120.0,50.0
TX-1898,2026-09-10,Thursday,Arroz Costeño 5kg,Abarrotes,Tienda Física,2,24.5,49.0,36.0,13.0
TX-1899,2026-09-10,Thursday,Inca Kola 1.5L,Bebidas,Tienda Física,4,7.5,30.0,19.2,10.8
TX-1900,2026-09-10,Thursday,Pollo Entero kg,Carnes/Frescos,Tienda Física,3,9.8,29.4,20.7,8.7
TX-1901,2026-09-10,Thursday,Leche Gloria 400g,Lácteos,Tienda Física,2,4.2,8.4,6.2,2.2
TX-1902,2026-09-11,Friday,Arroz Costeño 5kg,Abarrotes,Tienda Física,4,24.5,98.0,72.0,26.0
TX-1903,2026-09-11,Friday,Pollo Entero kg,Carnes/Frescos,WhatsApp,5,9.8,49.0,34.5,14.5
TX-1904,2026-09-11,Friday,Pollo Entero kg,Carnes/Frescos,Tienda Física,3,9.8,29.4,20.7,8.7
TX-1905,2026-09-11,Friday,Detergente Opal 1kg,Limpieza,Yape / Plin,3,12.0,36.0,24.6,11.4
TX-1906,2026-09-11,Friday,Inca Kola 1.5L,Bebidas,Tienda Física,3,7.5,22.5,14.4,8.1
TX-1907,2026-09-11,Friday,Pollo Entero kg,Carnes/Frescos,Tienda Física,1,9.8,9.8,6.9,2.9
TX-1908,2026-09-11,Friday,Galletas Soda Field,Snacks,WhatsApp,5,2.5,12.5,7.0,5.5
TX-1909,2026-09-11,Friday,Cerveza Cusqueña 6pack,Bebidas,Tienda Física,2,34.0,68.0,48.0,20.0
TX-1910,2026-09-11,Friday,Detergente Opal 1kg,Limpieza,Tienda Física,2,12.0,24.0,16.4,7.6
TX-1911,2026-09-11,Friday,Galletas Soda Field,Snacks,WhatsApp,3,2.5,7.5,4.2,3.3
TX-1912,2026-09-11,Friday,Leche Gloria 400g,Lácteos,Tienda Física,1,4.2,4.2,3.1,1.1
TX-1913,2026-09-11,Friday,Inca Kola 1.5L,Bebidas,Tienda Física,2,7.5,15.0,9.6,5.4
TX-1914,2026-09-11,Friday,Detergente Opal 1kg,Limpieza,Delivery / App,5,12.0,60.0,41.0,19.0
TX-1915,2026-09-11,Friday,Inca Kola 1.5L,Bebidas,Tienda Física,5,7.5,37.5,24.0,13.5
TX-1916,2026-09-11,Friday,Detergente Opal 1kg,Limpieza,Tienda Física,2,12.0,24.0,16.4,7.6
TX-1917,2026-09-11,Friday,Inca Kola 1.5L,Bebidas,Delivery / App,4,7.5,30.0,19.2,10.8
TX-1918,2026-09-11,Friday,Aceite Primor 1L,Abarrotes,Tienda Física,4,11.5,46.0,34.0,12.0
TX-1919,2026-09-11,Friday,Cerveza Cusqueña 6pack,Bebidas,Yape / Plin,2,34.0,68.0,48.0,20.0
TX-1920,2026-09-11,Friday,Inca Kola 1.5L,Bebidas,Tienda Física,4,7.5,30.0,19.2,10.8
TX-1921,2026-09-11,Friday,Pollo Entero kg,Carnes/Frescos,Tienda Física,5,9.8,49.0,34.5,14.5
TX-1922,2026-09-11,Friday,Aceite Primor 1L,Abarrotes,Tienda Física,1,11.5,11.5,8.5,3.0
TX-1923,2026-09-11,Friday,Inca Kola 1.5L,Bebidas,Tienda Física,2,7.5,15.0,9.6,5.4
TX-1924,2026-09-11,Friday,Galletas Soda Field,Snacks,WhatsApp,2,2.5,5.0,2.8,2.2
TX-1925,2026-09-11,Friday,Arroz Costeño 5kg,Abarrotes,Yape / Plin,1,24.5,24.5,18.0,6.5
TX-1926,2026-09-11,Friday,Leche Gloria 400g,Lácteos,WhatsApp,3,4.2,12.6,9.3,3.3
TX-1927,2026-09-11,Friday,Inca Kola 1.5L,Bebidas,WhatsApp,5,7.5,37.5,24.0,13.5
TX-1928,2026-09-11,Friday,Aceite Primor 1L,Abarrotes,WhatsApp,3,11.5,34.5,25.5,9.0
TX-1929,2026-09-12,Saturday,Galletas Soda Field,Snacks,WhatsApp,1,2.5,2.5,1.4,1.1
TX-1930,2026-09-12,Saturday,Arroz Costeño 5kg,Abarrotes,WhatsApp,3,24.5,73.5,54.0,19.5
TX-1931,2026-09-12,Saturday,Arroz Costeño 5kg,Abarrotes,Tienda Física,5,24.5,122.5,90.0,32.5
TX-1932,2026-09-12,Saturday,Cerveza Cusqueña 6pack,Bebidas,WhatsApp,5,34.0,170.0,120.0,50.0
TX-1933,2026-09-12,Saturday,Detergente Opal 1kg,Limpieza,Yape / Plin,4,12.0,48.0,32.8,15.2
TX-1934,2026-09-12,Saturday,Galletas Soda Field,Snacks,Yape / Plin,1,2.5,2.5,1.4,1.1
TX-1935,2026-09-12,Saturday,Cerveza Cusqueña 6pack,Bebidas,WhatsApp,2,34.0,68.0,48.0,20.0
TX-1936,2026-09-12,Saturday,Detergente Opal 1kg,Limpieza,Tienda Física,3,12.0,36.0,24.6,11.4
TX-1937,2026-09-12,Saturday,Leche Gloria 400g,Lácteos,Tienda Física,3,4.2,12.6,9.3,3.3
TX-1938,2026-09-12,Saturday,Detergente Opal 1kg,Limpieza,Tienda Física,4,12.0,48.0,32.8,15.2
TX-1939,2026-09-12,Saturday,Detergente Opal 1kg,Limpieza,Tienda Física,3,12.0,36.0,24.6,11.4
TX-1940,2026-09-12,Saturday,Galletas Soda Field,Snacks,Tienda Física,3,2.5,7.5,4.2,3.3
TX-1941,2026-09-12,Saturday,Arroz Costeño 5kg,Abarrotes,Delivery / App,2,24.5,49.0,36.0,13.0
TX-1942,2026-09-12,Saturday,Detergente Opal 1kg,Limpieza,Tienda Física,1,12.0,12.0,8.2,3.8
TX-1943,2026-09-12,Saturday,Leche Gloria 400g,Lácteos,Yape / Plin,3,4.2,12.6,9.3,3.3
TX-1944,2026-09-12,Saturday,Arroz Costeño 5kg,Abarrotes,Tienda Física,4,24.5,98.0,72.0,26.0
TX-1945,2026-09-12,Saturday,Galletas Soda Field,Snacks,Tienda Física,1,2.5,2.5,1.4,1.1
TX-1946,2026-09-12,Saturday,Galletas Soda Field,Snacks,Tienda Física,1,2.5,2.5,1.4,1.1
TX-1947,2026-09-12,Saturday,Galletas Soda Field,Snacks,Tienda Física,4,2.5,10.0,5.6,4.4
TX-1948,2026-09-12,Saturday,Detergente Opal 1kg,Limpieza,Tienda Física,5,12.0,60.0,41.0,19.0
TX-1949,2026-09-12,Saturday,Pollo Entero kg,Carnes/Frescos,Tienda Física,1,9.8,9.8,6.9,2.9
TX-1950,2026-09-12,Saturday,Pollo Entero kg,Carnes/Frescos,Tienda Física,1,9.8,9.8,6.9,2.9
TX-1951,2026-09-12,Saturday,Arroz Costeño 5kg,Abarrotes,Tienda Física,3,24.5,73.5,54.0,19.5
TX-1952,2026-09-12,Saturday,Arroz Costeño 5kg,Abarrotes,WhatsApp,3,24.5,73.5,54.0,19.5
TX-1953,2026-09-12,Saturday,Arroz Costeño 5kg,Abarrotes,Tienda Física,4,24.5,98.0,72.0,26.0
TX-1954,2026-09-12,Saturday,Inca Kola 1.5L,Bebidas,WhatsApp,2,7.5,15.0,9.6,5.4
TX-1955,2026-09-12,Saturday,Detergente Opal 1kg,Limpieza,Delivery / App,1,12.0,12.0,8.2,3.8
TX-1956,2026-09-12,Saturday,Galletas Soda Field,Snacks,Yape / Plin,5,2.5,12.5,7.0,5.5
TX-1957,2026-09-12,Saturday,Pollo Entero kg,Carnes/Frescos,WhatsApp,4,9.8,39.2,27.6,11.6
TX-1958,2026-09-12,Saturday,Pollo Entero kg,Carnes/Frescos,WhatsApp,2,9.8,19.6,13.8,5.8
TX-1959,2026-09-12,Saturday,Cerveza Cusqueña 6pack,Bebidas,Tienda Física,5,34.0,170.0,120.0,50.0
TX-1960,2026-09-12,Saturday,Cerveza Cusqueña 6pack,Bebidas,Tienda Física,3,34.0,102.0,72.0,30.0
TX-1961,2026-09-12,Saturday,Cerveza Cusqueña 6pack,Bebidas,Tienda Física,5,34.0,170.0,120.0,50.0
TX-1962,2026-09-12,Saturday,Arroz Costeño 5kg,Abarrotes,Yape / Plin,4,24.5,98.0,72.0,26.0
TX-1963,2026-09-12,Saturday,Aceite Primor 1L,Abarrotes,Tienda Física,1,11.5,11.5,8.5,3.0
TX-1964,2026-09-12,Saturday,Galletas Soda Field,Snacks,Delivery / App,4,2.5,10.0,5.6,4.4
